country,year,gdp_growth,inflation,unemployment,remittance_pct_gdp,exchange_rate_usd,energy_imports_pct,brent_crude_usd,lng_price_usd,baltic_dry_index,gpr_global,gpr_threat,gpr_act,gpr_india,gpr_japan,gpr_korea,food_price_index,cereals_index,oils_index,fertilizer_price_index,fertilizer_consumption,hormuz_flow_mbd,reserve_days,oil_rents_pct_gdp,debt_gdp,oil_shock_signal,hormuz_disruption,oil_x_buffer,gpr_normalised,fertilizer_shock,conflict_dummy,oil_shock_signal_lag1,gpr_normalised_lag1,brent_crude_usd_lag1,inflation_lag1,hormuz_disruption_lag1,baltic_dry_index_lag1,trade_exposure_score,country_encoded
Bangladesh,1990,5.62225816160344,6.12671846981458,2.2,2.46489398309466,34.5688083333333,16.9252782610812,23.76,3.56,1347.5,121.2444,146.7482,87.4061,0.2428,0.3953,0.1399,63.32,58.08,45.47,119.62,98.7332910321489,14.81,6.0,0.0203201461879886,37.0,0.0,0.0,0.0,0.6312,-115.8375,1,,,,,,,19.3902,0
Bangladesh,1991,3.48522781598027,6.35736412278234,2.2,2.48523337346491,36.5961833333333,14.5675104082149,20.04,3.01,1595.42,149.4545,154.5212,153.3005,0.1691,0.3833,0.1849,62.35,57.86,49.01,120.38,107.021843367075,14.52,6.1,0.0113715162813764,37.0,-0.7071,-0.9887,-0.115918,1.5623,-124.2213,1,0.0,0.6312,23.76,6.12671846981458,0.0,1347.5,17.0527,0
Bangladesh,1992,5.44268554966725,3.63407691798491,2.233,2.87540936210898,38.9507583333333,14.0982820989522,19.32,2.9,1198.67,84.0163,99.6141,60.2127,0.132,0.1941,0.1274,64.23,60.96,52.99,122.51,116.013706586131,14.47,6.2,0.0140449207472924,37.0,-0.7218,-0.8904,-0.116419,-0.5977,-130.5851,0,-0.7071,1.5623,20.04,6.35736412278234,-0.9887,1595.42,16.9737,0
Bangladesh,1993,4.71156172453999,3.01481859989799,2.31,3.03732522639564,39.5672575,13.9538781603793,17.01,2.55,1398.08,101.6828,117.9802,77.4288,0.1385,0.249,0.2364,62.26,59.02,53.97,128.6,111.166588290618,14.29,6.3,0.0123153025022102,37.0,-1.0791,-1.601,-0.171286,-0.0145,-113.97,0,-0.7218,-0.5977,19.32,3.63407691798491,-0.8904,1198.67,16.9912,0
Bangladesh,1994,3.89012644116818,5.31374007936498,2.37,3.40813403881952,40.2117391666667,15.2850426526658,15.86,2.38,1502.08,99.0482,118.7165,71.1668,0.1561,0.2607,0.405,67.26,61.94,71.87,133.85,124.805780209324,14.2,6.4,0.0172049134880783,37.0,-1.0907,-1.7845,-0.170422,-0.1015,-117.1528,0,-1.0791,-0.0145,17.01,3.01481859989799,-1.601,1398.08,18.6932,0
Bangladesh,1995,5.12127789724337,10.2978117947206,2.441,3.16729631986545,40.2783183333333,15.2850426526658,17.02,2.55,1957.0,85.5373,88.9535,79.6046,0.149,0.2117,0.1281,76.83,70.85,79.96,138.84,142.194193241314,14.29,6.5,0.0131964705068302,37.0,-0.4731,-0.4459,-0.072785,-0.5475,-121.7793,0,-1.0907,-0.1015,15.86,5.31374007936498,-1.7845,1502.08,18.4523,0
Bangladesh,1996,4.52291921684423,2.37712902953223,2.51,2.89557515603607,41.7941683333333,15.2850426526658,20.64,3.1,1310.08,74.6745,73.2736,74.3767,0.1557,0.1605,0.1059,77.82,83.66,69.94,139.63,147.244824697858,14.57,6.6,0.0178010302921139,37.0,1.3684,1.4341,0.207333,-0.906,-124.1875,0,-0.4731,-0.5475,17.02,10.2978117947206,-0.4459,1957.0,18.1806,0
Bangladesh,1997,4.4898964976265,5.30560105668802,2.698,3.1641028158335,43.8921158333333,15.2850426526658,19.11,2.5,1315.58,50.9147,53.183,45.429,0.0719,0.1523,0.0947,70.76,66.51,70.68,142.08,132.205005959476,14.45,6.7,0.0173308738284211,37.0,0.6167,0.6267,0.092045,-1.6903,-106.1638,0,1.3684,-0.906,20.64,2.37712902953223,1.4341,1310.08,18.4491,0
Bangladesh,1998,5.1770268731498,8.40223795613228,2.893,3.2125653790456,46.9056516666666,15.2850426526658,12.76,2.09,930.5,68.4694,79.9645,52.6754,0.2905,0.1581,0.1229,64.82,58.9,83.89,141.38,138.455169150698,13.95,6.8,0.0080104572643324,37.0,-1.4207,-2.3929,-0.208926,-1.1108,-112.7804,0,0.6167,-1.6903,19.11,5.30560105668802,0.6267,1315.58,18.4976,0
Bangladesh,1999,4.67015636882111,6.10669589841958,3.088,3.52403766089633,49.0854,15.2850426526658,17.9,2.27,1086.75,73.978,78.924,67.8636,0.1999,0.1515,0.1683,55.38,53.12,58.23,142.76,161.889521100047,14.36,6.9,0.0179507388011089,37.0,0.1393,0.2513,0.020188,-0.929,-128.1866,0,-1.4207,-1.1108,12.76,8.40223795613228,-2.3929,930.5,18.8091,0
Bangladesh,2000,5.29329471892532,2.20825620937535,3.27,3.68659677566545,52.1416666666667,17.6509148650554,28.66,4.31,1615.25,57.4153,60.5228,53.0921,0.1961,0.1052,0.1463,53.66,51.42,42.89,144.14,158.10754491018,15.2,7.0,0.0353231482134216,37.0,1.5349,4.7842,0.219271,-1.4757,-121.5956,0,0.1393,-0.929,17.9,6.10669589841958,0.2513,1086.75,21.3375,0
Bangladesh,2001,5.07728777526728,2.0071737421384,3.609,3.89794627098135,55.8066666666667,21.1038949568699,24.46,3.96,1187.17,168.8292,107.9818,251.9475,0.3534,0.3307,0.1977,55.35,51.85,42.48,142.8,174.590268577623,14.87,7.1,0.0543710423247111,37.0,0.6322,2.0871,0.089042,2.2018,-138.1282,0,1.5349,-1.4757,28.66,2.20825620937535,4.7842,1615.25,25.0018,0
Bangladesh,2002,3.83312393993225,3.33256493271913,3.966,5.22266923917607,57.888,19.7062195987588,24.99,3.37,1181.75,156.0422,129.0182,198.7998,0.3968,0.3301,0.3346,53.43,55.58,55.14,144.01,188.639161517024,14.91,7.2,0.0837501114858241,37.0,0.5097,1.7192,0.070792,1.7798,-145.4807,0,0.6322,2.2018,24.46,2.0071737421384,2.0871,1187.17,24.9289,0
Bangladesh,2003,4.73956739963045,5.66870773441476,4.32,5.30538820275249,58.15004,19.9285740363967,28.85,5.49,2733.58,176.3016,167.5325,204.4774,0.2597,0.4845,0.6247,58.12,59.38,62.63,147.11,160.266893534273,15.21,7.3,0.0708422538942109,37.0,0.8731,2.0121,0.119603,2.4485,-115.4104,1,0.5097,1.7798,24.99,3.33256493271913,1.7192,1181.75,25.234,0
Bangladesh,2004,5.23953291029852,7.5875363850469,4.316,5.50437314918371,59.5126583333333,17.7920645309499,38.26,5.9,4484.92,129.3962,108.3183,162.7595,0.2224,0.2754,0.3263,65.9,64.0,69.61,161.48,170.671374186418,15.95,7.4,0.0886657388470392,36.6,1.6649,4.7413,0.224986,0.9002,-82.4769,1,0.8731,2.4485,28.85,5.66870773441476,2.0121,2733.58,23.2964,0
Bangladesh,2005,6.53594493875502,7.04661816222039,4.25,6.21006213483214,64.327475,17.9095538204646,54.57,8.81,3252.83,101.539,83.7753,122.4823,0.2135,0.2298,0.2782,67.65,60.77,64.4,169.56,192.872642090988,17.22,7.5,0.0854314760057084,35.6,1.6087,10.1586,0.214493,-0.0193,-67.5181,0,1.6649,0.9002,38.26,7.5875363850469,4.7413,4484.92,24.1196,0
Bangladesh,2006,6.67190498576788,6.76526117054757,3.591,7.55966261801311,68.9332333333333,16.1103486776302,65.16,6.74,3239.25,104.0353,101.8069,105.9677,0.252,0.2644,0.3846,72.85,71.23,70.55,180.24,188.408168316832,18.05,7.6,0.101110752410513,35.3,1.3328,10.954,0.175368,0.0631,-32.7877,0,1.6087,-0.0193,54.57,7.04661816222039,10.1586,3252.83,23.67,0
Bangladesh,2007,7.05859935449848,9.10698496905383,4.015,8.24291009689063,68.874875,15.8299464466906,72.44,6.98,7252.25,93.738,90.645,95.9896,0.2015,0.1677,0.2486,94.55,100.91,107.31,183.18,179.81000499002,18.61,7.7,0.146631401064833,35.0,1.1322,9.4191,0.147039,-0.2768,-22.5777,0,1.3328,0.0631,65.16,6.76526117054757,10.954,3239.25,24.0729,0
Bangladesh,2008,6.01378975738535,8.90194489465154,4.49,9.75655233462347,68.598275,15.4943288262154,96.94,8.86,6069.83,81.1965,74.7794,87.2034,0.2889,0.1383,0.1758,117.74,137.64,141.07,196.44,195.064350868424,20.53,7.8,0.207602557921387,33.9,1.4444,13.6012,0.185179,-0.6907,18.1416,0,1.1322,-0.2768,72.44,9.10698496905383,9.4191,7252.25,25.2509,0
Bangladesh,2009,5.04512479919337,5.42347236174679,5.0,10.2665399023146,69.0390666666667,14.7404722275885,61.74,3.95,2641.17,83.1019,80.6987,82.3003,0.2633,0.194,0.3132,91.79,97.19,94.43,189.18,184.290524471148,17.78,7.9,0.0809215445999961,33.0,-0.5175,-3.5687,-0.065506,-0.6278,-4.9141,0,1.4444,-0.6907,96.94,8.90194489465154,13.6012,6069.83,25.007,0
Bangladesh,2010,5.57178818533122,8.12667639169917,3.379,9.41241447446753,69.6492916666667,14.4544547917684,79.61,4.39,2674.83,84.1702,83.7355,81.6499,0.2236,0.1618,0.2765,106.87,107.5,121.95,194.5,208.024322968907,19.17,8.0,0.110401376114165,29.6,0.317,1.8164,0.039625,-0.5926,12.6948,0,-0.5175,-0.6278,61.74,5.42347236174679,-3.5687,2641.17,23.8669,0
Bangladesh,2011,6.46437912497728,11.3951651552399,3.737,9.3859804789798,74.1524,17.4646380499939,111.26,4.0,1531.75,90.0954,81.2795,100.4688,0.1728,0.1589,0.1432,131.78,142.16,156.48,201.12,249.746915935394,17.0,8.1,0.148237511200664,29.4,1.361,-8.6905,0.168025,-0.397,42.493,1,0.317,-0.5926,79.61,8.12667639169917,1.8164,2674.83,26.8506,0
Bangladesh,2012,6.52145877906443,6.21750422069284,4.07,10.5915144036117,81.8626583333333,18.3559167186151,111.57,2.75,885.25,81.4752,81.1079,79.9891,0.1614,0.1474,0.1618,122.75,137.4,138.31,205.82,254.30935709739,16.8,8.2,0.165239328703379,29.1,0.9002,-7.9755,0.10978,-0.6815,62.9709,2,1.361,-0.397,111.26,11.3951651552399,-8.6905,1531.75,28.9474,0
Bangladesh,2013,6.01360565834344,7.53040640913172,4.426,9.24470026765418,78.103235,17.9640543283116,108.56,3.73,1255.75,83.0366,81.5072,84.5097,0.1214,0.1731,0.2625,120.14,129.11,119.5,209.28,253.280642653537,16.6,8.3,0.136547577119521,28.3,0.6167,-4.98,0.074301,-0.63,77.1613,1,0.9002,-0.6815,111.57,6.21750422069284,-7.9755,885.25,27.2088,0
Bangladesh,2014,6.0610593588495,6.99163889220849,4.417,8.66899486049041,77.6414083333333,19.6289634401405,98.97,4.39,1065.42,100.2916,109.698,88.4788,0.1414,0.1485,0.1274,114.98,115.82,110.62,214.45,278.132224964281,16.9,8.4,0.0959581611484122,28.7,-0.2237,-2.2782,-0.026631,-0.0605,108.4342,0,0.6167,-0.63,108.56,7.53040640913172,-4.98,1255.75,28.298,0
Bangladesh,2015,6.55263987816197,6.19428022984984,4.397,7.83797175617291,77.9469083333333,20.4002085391355,52.32,2.63,703.92,105.9536,101.5169,114.0152,0.1489,0.1432,0.1231,93.06,95.87,89.94,213.54,297.810941171621,17.0,8.5,0.0516183234195442,28.2,-1.7518,0.8304,-0.206094,0.1264,111.6391,0,-0.2237,-0.0605,98.97,6.99163889220849,-2.2782,1065.42,28.2382,0
Bangladesh,2016,7.11347821270093,5.51352572692995,4.35,5.11803588431436,78.4680916666667,21.6719159236748,43.64,2.52,692.83,98.6787,90.7686,110.7095,0.1514,0.2159,0.2887,91.95,88.31,99.44,213.89,288.288357639838,18.5,8.6,0.0314940256004778,27.7,-1.2129,7.8089,-0.141035,-0.1137,109.7326,0,-1.7518,0.1264,52.32,6.19428022984984,0.8304,703.92,26.79,0
Bangladesh,2017,6.59024999794057,5.70207015717239,4.372,4.59667741438375,80.4375416666667,23.889970217061,54.12,2.99,1149.67,107.3773,117.4667,93.905,0.159,0.4279,0.8781,97.93,90.98,101.91,221.64,302.542720033696,19.25,8.7,0.0460395273977644,28.3,-0.5822,9.0652,-0.06692,0.1734,153.8066,0,-1.2129,-0.1137,43.64,5.51352572692995,7.8089,692.83,28.4866,0
Bangladesh,2018,7.31941263014136,5.54362139486476,4.439,4.84382269321267,83.4662019166666,24.5741159464946,71.33,3.17,1339.42,98.5529,122.8478,65.4443,0.1608,0.3244,0.6791,95.75,100.82,87.76,235.75,318.46686309072,21.4,8.8,0.0613027609024662,29.6,0.3307,14.9919,0.03758,-0.1178,235.9705,0,-0.5822,0.1734,54.12,5.70207015717239,9.0652,1149.67,29.4179,0
Bangladesh,2019,7.88191515117722,5.59199639930629,4.504,5.22841813674275,84.4535225,30.2974940894337,64.3,2.57,1324.5,90.9463,112.7704,60.5953,0.2164,0.2936,0.3959,94.93,96.6,83.24,235.72,320.445462644775,20.0,8.9,0.0401609167939213,32.0,0.6623,4.0042,0.074416,-0.3689,237.2781,2,0.3307,-0.1178,71.33,5.54362139486476,14.9919,1339.42,35.5259,0
Bangladesh,2020,3.44801755122445,5.69107474746211,5.539,5.81626795895569,84.8713916666667,34.4620400337636,41.96,2.03,1085.42,77.2938,97.4657,49.321,0.1724,0.1773,0.2116,98.05,103.12,99.44,239.18,325.386565272497,19.2,9.0,0.0164788319009585,34.5,-1.0261,-2.3894,-0.114011,-0.8196,259.4942,1,0.6623,-0.3689,64.3,5.59199639930629,4.0042,1324.5,40.2783,0
Bangladesh,2021,6.93867912442445,5.54565430773473,5.457,5.33437804101103,85.08376325,39.5900689972266,70.86,3.91,2962.5,82.0702,103.886,54.5472,0.2134,0.2176,0.2185,125.73,131.15,164.85,303.41,395.72014579444,19.7,9.0,0.0315771885826906,35.6,0.8287,-1.0547,0.092078,-0.6619,734.5403,0,-1.0261,-0.8196,41.96,5.69107474746211,-2.3894,1085.42,44.9244,0
Bangladesh,2022,7.09982877575158,7.69695437176898,4.593,4.6737649876073,91.7454544396961,44.3070258449266,100.93,6.42,1831.58,157.5832,199.273,124.7959,0.3231,0.3833,0.3623,144.51,154.67,187.78,341.53,388.941232933807,21.9,9.0,0.0315771885826906,37.9,1.473,7.1429,0.163667,1.8306,966.3445,2,0.8287,-0.6619,70.86,5.54565430773473,-1.0547,2962.5,48.9808,0
Bangladesh,2023,5.77511237007889,9.8835030377921,3.352,5.04555725354251,106.309484297483,44.3070258449266,82.49,2.54,1425.67,121.7113,133.9154,116.2384,0.2753,0.2765,0.3149,124.52,130.88,126.29,331.78,391.888102126796,21.8,9.0,0.0315771885826906,39.7,0.4751,6.2378,0.052789,0.6466,910.6853,1,1.473,1.8306,100.93,7.69695437176898,7.1429,1831.58,49.3526,0
Bangladesh,2024,4.22325911250161,10.4657482763412,3.635,6.11494686698428,115.603653796648,44.3070258449266,80.52,2.19,1685.42,134.4528,131.6918,147.6046,0.2086,0.1957,0.3383,121.98,113.48,138.07,328.52,391.888102126796,20.7,9.0,0.0315771885826906,41.0,0.2392,0.1936,0.026578,1.0671,889.6271,0,0.4751,0.6466,82.49,9.8835030377921,6.2378,1425.67,50.422,0
India,1990,5.53345456125301,8.9712325027325,7.641,0.742646650962366,17.5035,11.3029434814426,23.76,3.56,1347.5,121.2444,146.7482,87.4061,0.2428,0.3953,0.1399,63.32,58.08,45.47,119.62,73.523024122257,14.81,8.0,1.72936446209105,76.7,0.0,0.0,0.0,0.6312,-86.2599,1,,,,,,,12.0456,1
India,1991,1.05683143496063,13.8702461773683,7.641,1.2177135602415,22.7424333333333,12.0006673214793,20.04,3.01,1595.42,149.4545,154.5212,153.3005,0.1691,0.3833,0.1849,62.35,57.86,49.01,120.38,77.9993197779167,14.52,8.2,1.19195275573098,76.7,-0.7071,-0.9887,-0.086232,1.5623,-90.5346,1,0.0,0.6312,23.76,8.9712325027325,0.0,1347.5,13.2184,1
India,1992,5.48239602040357,11.7878170418134,7.649,1.00532422086761,25.9180833333333,13.8799860050521,19.32,2.9,1198.67,84.0163,99.6141,60.2127,0.132,0.1941,0.1274,64.23,60.96,52.99,122.51,74.7016643516527,14.47,8.4,0.961307658513148,78.8,-0.7218,-0.8904,-0.085929,-0.5977,-84.0842,0,-0.7071,1.5623,20.04,13.8702461773683,-0.9887,1595.42,14.8853,1
India,1993,4.75077621776924,6.32689048779867,7.662,1.26131148080304,30.4932916666667,14.3248846942246,17.01,2.55,1398.08,101.6828,117.9802,77.4288,0.1385,0.249,0.2364,62.26,59.02,53.97,128.6,76.1767372344482,14.29,8.6,0.859559953245587,78.3,-1.0791,-1.601,-0.125477,-0.0145,-78.0977,0,-0.7218,-0.5977,19.32,11.7878170418134,-0.8904,1198.67,15.5862,1
India,1994,6.65892407028434,10.2479355556119,7.593,1.78953392020369,31.3737425,14.0342931675683,15.86,2.38,1502.08,99.0482,118.7165,71.1668,0.1561,0.2607,0.405,67.26,61.94,71.87,133.85,83.4558929395478,14.2,8.8,0.79702774897854,74.8,-1.0907,-1.7845,-0.123943,-0.1015,-78.3385,0,-1.0791,-0.0145,17.01,6.32689048779867,-1.601,1398.08,15.8238,1
India,1995,7.57449183788519,10.2248861637544,7.57,1.72725749335087,32.4270766666667,15.3877869885612,17.02,2.55,1957.0,85.5373,88.9535,79.6046,0.149,0.2117,0.1281,76.83,70.85,79.96,138.84,85.702855272341,14.29,9.0,0.865833520899187,70.9,-0.4731,-0.4459,-0.052567,-0.5475,-73.3985,0,-1.0907,-0.1015,15.86,10.2479355556119,-1.7845,1502.08,17.115,1
India,1996,7.54952224920051,8.97715233826453,7.537,2.23104187398418,35.4331733333333,16.962490967005,20.64,3.1,1310.08,74.6745,73.2736,74.3767,0.1557,0.1605,0.1059,77.82,83.66,69.94,139.63,89.0423288309269,14.57,9.2,0.960764449555637,67.1,1.3684,1.4341,0.148739,-0.906,-75.099,0,-0.4731,-0.5475,17.02,10.2248861637544,-0.4459,1957.0,19.1935,1
India,1997,4.04982084998183,7.16425211462724,7.574,2.48419591903833,36.3132858333333,17.9400177739706,19.11,2.5,1315.58,50.9147,53.183,45.429,0.0719,0.1523,0.0947,70.76,66.51,70.68,142.08,100.172560813361,14.45,9.4,0.850995097336145,69.0,0.6167,0.6267,0.065606,-1.6903,-80.441,0,1.3684,-0.906,20.64,8.97715233826453,1.4341,1310.08,20.4242,1
India,1998,6.18441582172117,13.2308389767977,7.596,2.24973791761798,41.259365,19.3430695615077,12.76,2.09,930.5,68.4694,79.9645,52.6754,0.2905,0.1581,0.1229,64.82,58.9,83.89,141.38,104.067951601212,13.95,9.6,0.429736693495449,69.3,-1.4207,-2.3929,-0.14799,-1.1108,-84.7698,0,0.6167,-1.6903,19.11,7.16425211462724,0.6267,1315.58,21.5928,1
India,1999,8.84575555939531,4.66982038037594,7.583,2.42453583586909,43.0554283333334,21.3260734857601,17.9,2.27,1086.75,73.978,78.924,67.8636,0.1999,0.1515,0.1683,55.38,53.12,58.23,142.76,112.171020344774,14.36,9.8,0.70843039067171,71.3,0.1393,0.2513,0.014214,-0.929,-88.8188,0,-1.4207,-1.1108,12.76,13.2308389767977,-2.3929,930.5,23.7506,1
India,2000,3.84099115659129,4.0094359104519,7.589,2.75055276181012,44.941605,21.8848024647478,28.66,4.31,1615.25,57.4153,60.5228,53.0921,0.1961,0.1052,0.1463,53.66,51.42,42.89,144.14,103.786118188032,15.2,10.0,1.19880896935781,74.9,1.5349,4.7842,0.15349,-1.4757,-79.8187,0,0.1393,-0.929,17.9,4.66982038037594,0.2513,1086.75,24.6354,1
India,2001,4.82396626555771,3.77929312235637,7.611,2.94022220760942,47.1864141666667,21.6071184549194,24.46,3.96,1187.17,168.8292,107.9818,251.9475,0.3534,0.3307,0.1977,55.35,51.85,42.48,142.8,108.182198658974,14.87,10.4,0.869871197224191,80.1,0.6322,2.0871,0.060788,2.2018,-85.589,0,1.5349,-1.4757,28.66,4.0094359104519,4.7842,1615.25,24.5473,1
India,2002,3.80397532112175,4.29715203929563,7.681,3.05584389568309,48.6103191666667,22.1969266729062,24.99,3.37,1181.75,156.0422,129.0182,198.7998,0.3968,0.3301,0.3346,53.43,55.58,55.14,144.01,100.329055300688,14.91,10.8,0.898515923740017,84.3,0.5097,1.7192,0.047194,1.7798,-77.3749,0,0.6322,2.2018,24.46,3.77929312235637,2.0871,1187.17,25.2528,1
India,2003,7.8603814759073,3.80585899528851,7.633,3.45550884243655,46.5832841666667,22.3528918245213,28.85,5.49,2733.58,176.3016,167.5325,204.4774,0.2597,0.4845,0.6247,58.12,59.38,62.63,147.11,105.177203862352,15.21,11.2,0.860363359311968,85.9,0.8731,2.0121,0.077955,2.4485,-75.7395,1,0.5097,1.7798,24.99,4.29715203929563,1.7192,1181.75,25.8084,1
India,2004,7.92293661199932,3.76725173477515,7.598,2.64405343790174,45.3164666666666,23.0511620657529,38.26,5.9,4484.92,129.3962,108.3183,162.7595,0.2224,0.2754,0.3263,65.9,64.0,69.61,161.48,115.271510073208,15.95,11.6,1.06043123794654,84.9,1.6649,4.7413,0.143526,0.9002,-55.7049,1,0.8731,2.4485,28.85,3.80585899528851,2.0121,2733.58,25.6952,1
India,2005,7.92343062148318,4.24634362031922,7.551,2.69691947410043,44.099975,24.7403711279846,54.57,8.81,3252.83,101.539,83.7753,122.4823,0.2135,0.2298,0.2782,67.65,60.77,64.4,169.56,127.614591957051,17.22,12.0,1.28780837185882,82.4,1.6087,10.1586,0.134058,-0.0193,-44.6735,0,1.6649,0.9002,38.26,3.76725173477515,4.7413,4484.92,27.4373,1
India,2006,8.06073257166651,5.79652337561634,7.553,3.01338413110281,45.3070083333333,26.0473139148163,65.16,6.74,3239.25,104.0353,101.8069,105.9677,0.252,0.2644,0.3846,72.85,71.23,70.55,180.24,136.403921543911,18.05,12.4,1.33146821912931,77.9,1.3328,10.954,0.107484,0.0631,-23.7377,0,1.6087,-0.0193,54.57,4.24634362031922,10.1586,3252.83,29.0607,1
India,2007,7.6608150670107,6.37288135593231,7.562,3.05873598319171,41.3485333333333,27.0601259049498,72.44,6.98,7252.25,93.738,90.645,95.9896,0.2015,0.1677,0.2486,94.55,100.91,107.31,183.18,142.835225474934,18.61,12.8,1.15214697247781,75.4,1.1322,9.4191,0.088453,-0.2768,-17.935,0,1.3328,0.0631,65.16,5.79652337561634,10.954,3239.25,30.1189,1
India,2008,3.08669805921981,8.34926704907581,7.629,4.16861118961249,43.5051833333333,28.4555744181546,96.94,8.86,6069.83,81.1965,74.7794,87.2034,0.2889,0.1383,0.1758,117.74,137.64,141.07,196.44,153.349390803506,20.53,13.2,1.58498271088646,74.3,1.4444,13.6012,0.109424,-0.6907,14.2619,0,1.1322,-0.2768,72.44,6.37288135593231,9.4191,7252.25,32.6242,1
India,2009,7.86188883286074,10.8823529411764,7.636,3.6667673744297,48.4052666666666,29.3426479119283,61.74,3.95,2641.17,83.1019,80.6987,82.3003,0.2633,0.194,0.3132,91.79,97.19,94.43,189.18,167.457295914491,17.78,13.6,0.638793187629364,72.7,-0.5175,-3.5687,-0.038051,-0.6278,-4.4653,0,1.4444,-0.6907,96.94,8.34926704907581,13.6012,6069.83,33.0094,1
India,2010,8.49758470221235,11.9893899204244,7.631,3.19166058450459,45.7258121212121,30.2219214810602,79.61,4.39,2674.83,84.1702,83.7355,81.6499,0.2236,0.1618,0.2765,106.87,107.5,121.95,194.5,179.035876924253,19.17,14.0,0.815747227430213,67.7,0.317,1.8164,0.022643,-0.5926,10.9258,0,-0.5175,-0.6278,61.74,10.8823529411764,-3.5687,2641.17,33.4136,1
India,2011,5.24131619937695,8.91179336483371,7.609,3.42826651551382,46.6704666666667,31.1609590704357,111.26,4.0,1531.75,90.0954,81.2795,100.4688,0.1728,0.1589,0.1432,131.78,142.16,156.48,201.12,180.748291172705,17.0,14.2,1.34852705756453,68.7,1.361,-8.6905,0.095845,-0.397,30.7533,1,0.317,-0.5926,79.61,11.9893899204244,1.8164,2674.83,34.5892,1
India,2012,5.45638755166587,9.47899691419801,7.645,3.76554510581057,53.4372333333333,32.8228389038316,111.57,2.75,885.25,81.4752,81.1079,79.9891,0.1614,0.1474,0.1618,122.75,137.4,138.31,205.82,163.122021642201,16.8,14.4,1.31387208215422,68.0,0.9002,-7.9755,0.062514,-0.6815,40.3915,2,1.361,-0.397,111.26,8.91179336483371,-8.6905,1531.75,36.5884,1
India,2013,6.38610640094825,10.0178784746102,7.678,3.76848981172284,58.5978454166667,34.024000893281,108.56,3.73,1255.75,83.0366,81.5072,84.5097,0.1214,0.1731,0.2625,120.14,129.11,119.5,209.28,156.495698086192,16.6,14.6,1.19335415579377,67.7,0.6167,-4.98,0.04224,-0.63,47.676,1,0.9002,-0.6815,111.57,9.47899691419801,-7.9755,885.25,37.7925,1
India,2014,7.41022760508854,6.66565671867899,7.656,3.45190175872427,61.0295144607843,36.5423025911346,98.97,4.39,1065.42,100.2916,109.698,88.4788,0.1414,0.1485,0.1274,114.98,115.82,110.62,214.45,163.498079418137,16.9,14.8,0.945192923172492,67.1,-0.2237,-2.2782,-0.015115,-0.0605,63.7423,0,0.6167,-0.63,108.56,10.0178784746102,-4.98,1255.75,39.9942,1
India,2015,7.99625378571471,4.90697344127256,7.629,3.27581644116736,64.1519444632786,37.2827822095164,52.32,2.63,703.92,105.9536,101.5169,114.0152,0.1489,0.1432,0.1231,93.06,95.87,89.94,213.54,171.038212936265,17.0,15.0,0.359940708852176,69.0,-1.7518,0.8304,-0.116787,0.1264,64.1164,0,-0.2237,-0.0605,98.97,6.66565671867899,-2.2782,1065.42,40.5586,1
India,2016,8.25630550179086,4.94821634062141,7.611,2.73420120455754,67.1953128073894,37.3874186548518,43.64,2.52,692.83,98.6787,90.7686,110.7095,0.1514,0.2159,0.2887,91.95,88.31,99.44,213.89,166.003057888777,18.5,15.2,0.220297977730946,68.9,-1.2129,7.8089,-0.079796,-0.1137,63.1866,0,-1.7518,0.1264,52.32,4.90697344127256,0.8304,703.92,40.1216,1
India,2017,6.79538341897911,3.32817337461298,7.626,2.60108787283474,65.1215686450659,37.4713105330607,54.12,2.99,1149.67,107.3773,117.4667,93.905,0.159,0.4279,0.8781,97.93,90.98,101.91,221.64,170.569293434684,19.25,15.4,0.313225226270499,69.7,-0.5822,9.0652,-0.037805,0.1734,86.714,0,-1.2129,-0.1137,43.64,4.94821634062141,7.8089,692.83,40.0724,1
India,2018,6.45385134497769,3.9388264669163,7.652,2.91499156006937,68.3894670935422,37.5843467719926,71.33,3.17,1339.42,98.5529,122.8478,65.4443,0.1608,0.3244,0.6791,95.75,100.82,87.76,235.75,176.071212647449,21.4,15.6,0.446629594682818,70.4,0.3307,14.9919,0.021199,-0.1178,130.4613,0,-0.5822,0.1734,54.12,3.32817337461298,9.0652,1149.67,40.4993,1
India,2019,3.87143694070356,3.72950573539129,6.51,2.93877465566923,70.4203405359551,39.2996982985914,64.3,2.57,1324.5,90.9463,112.7704,60.5953,0.2164,0.2936,0.3959,94.93,96.6,83.24,235.72,186.456757783084,20.0,15.8,0.30502831579148,75.1,0.6623,4.0042,0.041918,-0.3689,138.0644,2,0.3307,-0.1178,71.33,3.9388264669163,14.9919,1339.42,42.2385,1
India,2020,-5.77772470686801,6.62343677628535,7.859,3.10855277353444,74.0995668836052,37.481252772155,41.96,2.03,1085.42,77.2938,97.4657,49.321,0.1724,0.1773,0.2116,98.05,103.12,99.44,239.18,210.69195830144,19.2,16.0,0.144343868543637,88.4,-1.0261,-2.3894,-0.064131,-0.8196,168.0258,1,0.6623,-0.3689,64.3,3.72950573539129,4.0042,1324.5,40.5898,1
India,2021,9.68959249192875,5.13140747176369,6.38,2.82183503869842,73.9180128154351,35.0355799640062,70.86,3.91,2962.5,82.0702,103.886,54.5472,0.2134,0.2176,0.2185,125.73,131.15,164.85,303.41,193.601012213706,19.7,16.2,0.325610194100608,83.5,0.8287,-1.0547,0.051154,-0.6619,359.3644,0,-1.0261,-0.8196,41.96,6.62343677628535,-2.3894,1085.42,37.8574,1
India,2022,7.60936497768895,6.69903414079852,4.822,3.32391537862222,78.6044905829916,36.529412379469,100.93,6.42,1831.58,157.5832,199.273,124.7959,0.3231,0.3833,0.3623,144.51,154.67,187.78,341.53,193.754969391567,21.9,16.5,0.325610194100608,82.2,1.473,7.1429,0.089273,1.8306,481.3942,2,0.8287,-0.6619,70.86,5.13140747176369,-1.0547,2962.5,39.8533,1
India,2023,9.19075493028345,5.64914318907925,4.172,3.28504639847322,82.5992764460784,36.0871843474496,82.49,2.54,1425.67,121.7113,133.9154,116.2384,0.2753,0.2765,0.3149,124.52,130.88,126.29,331.78,199.141215854816,21.8,16.8,0.325610194100608,80.7,0.4751,6.2378,0.02828,0.6466,462.7723,1,1.473,1.8306,100.93,6.69903414079852,7.1429,1831.58,39.3722,1
India,2024,6.49476552383821,4.95303550973656,4.173,3.52118550357421,83.669281580941,36.0871843474496,80.52,2.19,1685.42,134.4528,131.6918,147.6046,0.2086,0.1957,0.3383,121.98,113.48,138.07,328.52,199.141215854816,20.7,17.0,0.325610194100608,81.6,0.2392,0.1936,0.014071,1.0671,452.0714,0,0.4751,0.6466,82.49,5.64914318907925,6.2378,1425.67,39.6084,1
Japan,1990,4.84092905699353,3.0785162869516,2.059,0.0139283220955321,144.7925,86.1211436520895,23.76,3.56,1347.5,121.2444,146.7482,87.4061,0.2428,0.3953,0.1399,63.32,58.08,45.47,119.62,385.486577181208,14.81,120.0,0.002799224373737,63.2,0.0,0.0,0.0,0.6312,-452.2671,1,,,,,,,86.1351,2
Japan,1991,3.52335723553459,3.25143848753308,2.059,0.0139283220955321,134.706666666667,84.5572124982313,20.04,3.01,1595.42,149.4545,154.5212,153.3005,0.1691,0.3833,0.1849,62.35,57.86,49.01,120.38,369.620253164557,14.52,122.0,0.0017066467040879,62.4,-0.7071,-0.9887,-0.005796,1.5623,-429.0218,1,0.0,0.6312,23.76,3.0785162869516,0.0,1347.5,84.5711,2
Japan,1992,0.900586066438109,1.7602830605927,2.158,0.0146204490635636,126.651333333333,85.0002389923131,19.32,2.9,1198.67,84.0163,99.6141,60.2127,0.132,0.1941,0.1274,64.23,60.96,52.99,122.51,378.447178616886,14.47,124.0,0.0019312153165334,66.8,-0.7218,-0.8904,-0.005821,-0.5977,-425.9803,0,-0.7071,1.5623,20.04,3.25143848753308,-0.9887,1595.42,85.0149,2
Japan,1993,-0.459219716250544,1.24304589707924,2.539,0.017116049604085,111.197785833333,83.6736483913964,17.01,2.55,1398.08,101.6828,117.9802,77.4288,0.1385,0.249,0.2364,62.26,59.02,53.97,128.6,387.854855923159,14.29,126.0,0.001682798065669,72.8,-1.0791,-1.601,-0.008564,-0.0145,-397.6357,0,-0.7218,-0.5977,19.32,1.7602830605927,-0.8904,1198.67,83.6908,2
Japan,1994,1.0833831743207,0.695458057869004,2.89,0.0174871522711505,102.207805833333,84.7645247600049,15.86,2.38,1502.08,99.0482,118.7165,71.1668,0.1561,0.2607,0.405,67.26,61.94,71.87,133.85,378.43347639485,14.2,128.0,0.0012484904444971,84.4,-1.0907,-1.7845,-0.008521,-0.1015,-355.2283,0,-1.0791,-0.0145,17.01,1.24304589707924,-1.601,1398.08,84.782,2
Japan,1995,2.6309996164206,-0.127899045020446,3.15,0.020754684334337,94.0595791666667,82.8587597686173,17.02,2.55,1957.0,85.5373,88.9535,79.6046,0.149,0.2117,0.1281,76.83,70.85,79.96,138.84,354.449244060475,14.29,130.0,0.0012694526503513,92.5,-0.4731,-0.4459,-0.003639,-0.5475,-303.5609,0,-1.0907,-0.1015,15.86,0.695458057869004,-1.7845,1502.08,82.8795,2
Japan,1996,3.13387099272759,0.136600358575909,3.383,0.0101589630597628,108.779056666667,82.5697290227514,20.64,3.1,1310.08,74.6745,73.2736,74.3767,0.1557,0.1605,0.1059,77.82,83.66,69.94,139.63,339.634941329857,14.57,132.0,0.0016809144090308,98.1,1.3684,1.4341,0.010367,-0.906,-286.4508,0,-0.4731,-0.5475,17.02,-0.127899045020446,-0.4459,1957.0,82.5799,2
Japan,1997,0.981228732290873,1.74780458692133,3.374,0.0136870137047179,120.9908625,81.7835026938279,19.11,2.5,1315.58,50.9147,53.183,45.429,0.0719,0.1523,0.0947,70.76,66.51,70.68,142.08,330.422411906325,14.45,134.0,0.0013473311921959,105.0,0.6167,0.6267,0.004602,-1.6903,-265.3372,0,1.3684,-0.906,20.64,0.136600358575909,1.4341,1310.08,81.7972,2
Japan,1998,-1.27033049466078,0.661974191385911,4.078,0.0135117034274042,130.905300666667,80.3220799001163,12.76,2.09,930.5,68.4694,79.9645,52.6754,0.2905,0.1581,0.1229,64.82,58.9,83.89,141.38,312.811466372657,13.95,136.0,0.0007146920411912,116.0,-1.4207,-2.3929,-0.010446,-1.1108,-254.8045,0,0.6167,-1.6903,19.11,1.74780458692133,0.6267,1315.58,80.3356,2
Japan,1999,-0.333929957687772,-0.341296928327554,4.677,0.0122190696014255,113.906805,81.1103825264601,17.9,2.27,1086.75,73.978,78.924,67.8636,0.1999,0.1515,0.1683,55.38,53.12,58.23,142.76,319.498112369531,14.36,138.0,0.0010895373971705,129.5,0.1393,0.2513,0.001009,-0.929,-252.9836,0,-1.4207,-1.1108,12.76,0.661974191385911,-2.3929,930.5,81.1226,2
Japan,2000,2.76464755136783,-0.676578683595175,4.748,0.015566642799602,107.765498333333,82.8158357838335,28.66,4.31,1615.25,57.4153,60.5228,53.0921,0.1961,0.1052,0.1463,53.66,51.42,42.89,144.14,324.60885113992,15.2,140.0,0.0020460072848765,135.6,1.5349,4.7842,0.010964,-1.4757,-249.6465,0,0.1393,-0.929,17.9,-0.341296928327554,0.2513,1086.75,82.8314,2
Japan,2001,0.386103426142029,-0.740055504162738,5.02,0.0285629435581755,121.5289475,81.201679168534,24.46,3.96,1187.17,168.8292,107.9818,251.9475,0.3534,0.3307,0.1977,55.35,51.85,42.48,142.8,304.680468046805,14.87,142.0,0.0011351191409413,145.1,0.6322,2.0871,0.004452,2.2018,-241.0498,0,1.5349,-1.4757,28.66,-0.676578683595175,4.7842,1615.25,81.2302,2
Japan,2002,0.0419624992862282,-0.923494026942321,5.386,0.026940198623711,125.388019166667,82.9888784175082,24.99,3.37,1181.75,156.0422,129.0182,198.7998,0.3968,0.3301,0.3346,53.43,55.58,55.14,144.01,292.873274496492,14.91,144.0,0.0011255959762716,154.1,0.5097,1.7192,0.00354,1.7798,-225.8673,0,0.6322,2.2018,24.46,-0.740055504162738,2.0871,1187.17,83.0158,2
Japan,2003,1.53512549946694,-0.256541816316025,5.251,0.0179473405667154,115.933464166667,85.4788968124398,28.85,5.49,2733.58,176.3016,167.5325,204.4774,0.2597,0.4845,0.6247,58.12,59.38,62.63,147.11,301.858994769161,15.21,146.0,0.0011508719842473,160.0,0.8731,2.0121,0.00598,2.4485,-217.3728,1,0.5097,1.7798,24.99,-0.923494026942321,1.7192,1181.75,85.4968,2
Japan,2004,2.18611569439318,-0.0085733882031027,4.734,0.0158094496467218,108.192569166667,83.7746111126745,38.26,5.9,4484.92,129.3962,108.3183,162.7595,0.2224,0.2754,0.3263,65.9,64.0,69.61,161.48,295.087462891071,15.95,148.0,0.0011240016271445,169.5,1.6649,4.7413,0.011249,0.9002,-142.601,1,0.8731,2.4485,28.85,-0.256541816316025,2.0121,2733.58,83.7904,2
Japan,2005,1.80390087215821,-0.282946068764391,4.446,0.0187309824125513,110.218211666667,83.4649315674778,54.57,8.81,3252.83,101.539,83.7753,122.4823,0.2135,0.2298,0.2782,67.65,60.77,64.4,169.56,296.781651376147,17.22,150.0,0.0019079926144148,174.6,1.6087,10.1586,0.010725,-0.0193,-103.8931,0,1.6649,0.9002,38.26,-0.0085733882031027,4.7413,4484.92,83.4837,2
Japan,2006,1.3723501275831,0.249355116079085,4.192,0.0255774585995197,116.299311666667,82.3651990491479,65.16,6.74,3239.25,104.0353,101.8069,105.9677,0.252,0.2644,0.3846,72.85,71.23,70.55,180.24,294.390052958784,18.05,152.0,0.0021472029958577,174.1,1.3328,10.954,0.008768,0.0631,-51.2312,0,1.6087,-0.0193,54.57,-0.282946068764391,10.1586,3252.83,82.3908,2
Japan,2007,1.48396941157472,0.060039454498669,3.888,0.0302184697056709,117.753529166667,84.3107714036557,72.44,6.98,7252.25,93.738,90.645,95.9896,0.2015,0.1677,0.2486,94.55,100.91,107.31,183.18,327.142394822006,18.61,154.0,0.002489062183549,173.0,1.1322,9.4191,0.007352,-0.2768,-41.0774,0,1.3328,0.0631,65.16,0.249355116079085,10.954,3239.25,84.341,2
Japan,2008,-1.22428900061713,1.3800788616492,4.002,0.0339237865439651,103.359493968254,84.2147770328816,96.94,8.86,6069.83,81.1965,74.7794,87.2034,0.2889,0.1383,0.1758,117.74,137.64,141.07,196.44,235.863277623027,20.53,156.0,0.0025418789008744,180.9,1.4444,13.6012,0.009259,-0.6907,21.936,0,1.1322,-0.2768,72.44,0.060039454498669,9.4191,7252.25,84.2487,2
Japan,2009,-5.69323635892741,-1.35283672951719,5.068,0.0301452736960296,93.5700890870456,80.6163392901148,61.74,3.95,2641.17,83.1019,80.6987,82.3003,0.2633,0.194,0.3132,91.79,97.19,94.43,189.18,208.493246390312,17.78,158.0,0.0012121453968408,198.8,-0.5175,-3.5687,-0.003275,-0.6278,-5.5595,0,1.4444,-0.6907,96.94,1.3800788616492,13.6012,6069.83,80.6465,2
Japan,2010,4.09791791943181,-0.728243207517779,5.102,0.0292489662024517,87.779875,81.7425349206212,79.61,4.39,2674.83,84.1702,83.7355,81.6499,0.2236,0.1618,0.2765,106.87,107.5,121.95,194.5,255.090378327884,19.17,160.0,0.0015807909918811,205.9,0.317,1.8164,0.001981,-0.5926,15.567,0,-0.5175,-0.6278,61.74,-1.35283672951719,-3.5687,2641.17,81.7718,2
Japan,2011,0.0238095237995424,-0.27245561610124,4.55,0.034199885971702,79.8070198321892,90.8195974217069,111.26,4.0,1531.75,90.0954,81.2795,100.4688,0.1728,0.1589,0.1432,131.78,142.16,156.48,201.12,249.839915373766,17.0,162.0,0.0023460232142381,219.2,1.361,-8.6905,0.008401,-0.397,42.5089,1,0.317,-0.5926,79.61,-0.728243207517779,1.8164,2674.83,90.8538,2
Japan,2012,1.37475099905274,-0.0440645104432602,4.358,0.0404883720248673,79.7904554170065,96.1222197111632,111.57,2.75,885.25,81.4752,81.1079,79.9891,0.1614,0.1474,0.1618,122.75,137.4,138.31,205.82,252.825247291569,16.8,164.0,0.0024863866562075,226.1,0.9002,-7.9755,0.005489,-0.6815,62.6034,2,1.361,-0.397,111.26,-0.27245561610124,-8.6905,1531.75,96.1627,2
Japan,2013,2.00510017681211,0.335037912184741,4.038,0.0453512003886862,97.5956582776385,95.6729767272549,108.56,3.73,1255.75,83.0366,81.5072,84.5097,0.1214,0.1731,0.2625,120.14,129.11,119.5,209.28,244.643699858424,16.6,166.0,0.0027988858049721,229.5,0.6167,-4.98,0.003715,-0.63,74.53,1,0.9002,-0.6815,111.57,-0.0440645104432602,-7.9755,885.25,95.7183,2
Japan,2014,0.296205514141889,2.75922671353253,3.589,0.0762490669316556,105.944781034025,95.5684274026895,98.97,4.39,1065.42,100.2916,109.698,88.4788,0.1414,0.1485,0.1274,114.98,115.82,110.62,214.45,253.197536712459,16.9,168.0,0.0036977302079416,233.3,-0.2237,-2.2782,-0.001332,-0.0605,98.713,0,0.6167,-0.63,108.56,0.335037912184741,-4.98,1255.75,95.6447,2
Japan,2015,1.56062669680782,0.795279630579839,3.385,0.0748065192301101,121.044025684011,94.8396264266997,52.32,2.63,703.92,105.9536,101.5169,114.0152,0.1489,0.1432,0.1231,93.06,95.87,89.94,213.54,225.326991676576,17.0,170.0,0.0019760449394356,228.3,-1.7518,0.8304,-0.010305,0.1264,84.4674,0,-0.2237,-0.0605,98.97,2.75922671353253,-2.2782,1065.42,94.9144,2
Japan,2016,0.753826745789127,-0.127258844489754,3.132,0.0765526640097879,108.792900046834,93.813281550921,43.64,2.52,692.83,98.6787,90.7686,110.7095,0.1514,0.2159,0.2887,91.95,88.31,99.44,213.89,236.018164435946,18.5,171.0,0.0012056707749437,232.4,-1.2129,7.8089,-0.007093,-0.1137,89.8368,0,-1.7518,0.1264,52.32,0.795279630579839,0.8304,703.92,93.8898,2
Japan,2017,1.67533175173359,0.484199796126385,2.822,0.0901069827039231,112.166141081871,93.0886712405363,54.12,2.99,1149.67,107.3773,117.4667,93.905,0.159,0.4279,0.8781,97.93,90.98,101.91,221.64,243.234799327085,19.25,172.0,0.0018821884916651,231.3,-0.5822,9.0652,-0.003385,0.1734,123.6556,0,-1.2129,-0.1137,43.64,-0.127258844489754,7.8089,692.83,93.1788,2
Japan,2018,0.643391023533141,0.989094598021848,2.467,0.0866803594795751,110.42317934106,91.4437393045403,71.33,3.17,1339.42,98.5529,122.8478,65.4443,0.1608,0.3244,0.6791,95.75,100.82,87.76,235.75,235.997102848865,21.4,173.0,0.0025412292342122,232.4,0.3307,14.9919,0.001912,-0.1178,174.8639,0,-0.5822,0.1734,54.12,0.484199796126385,9.0652,1149.67,91.5304,2
Japan,2019,-0.402169200894946,0.46877615938395,2.351,0.0857508506606716,109.009665900863,90.5590328120186,64.3,2.57,1324.5,90.9463,112.7704,60.5953,0.2164,0.2936,0.3959,94.93,96.6,83.24,235.72,226.503394762367,20.0,174.0,0.0019334499880418,236.4,0.6623,4.0042,0.003806,-0.3689,167.7175,2,0.3307,-0.1178,71.33,0.989094598021848,14.9919,1339.42,90.6448,2
Japan,2020,-4.16876457146743,-0.024995834027731,2.809,0.0967099102397569,106.774582262437,89.5796033607393,41.96,2.03,1085.42,77.2938,97.4657,49.321,0.1724,0.1773,0.2116,98.05,103.12,99.44,239.18,216.008771929825,19.2,175.0,0.0007107925057107,258.4,-1.0261,-2.3894,-0.005863,-0.8196,172.266,1,0.6623,-0.3689,64.3,0.46877615938395,4.0042,1324.5,89.6763,2
Japan,2021,2.69657404187188,-0.233352779398264,2.808,0.105055336492197,109.754323839417,88.6817259385197,70.86,3.91,2962.5,82.0702,103.886,54.5472,0.2134,0.2176,0.2185,125.73,131.15,164.85,303.41,209.813999021047,19.7,173.2,0.0022313211196428,253.7,0.8287,-1.0547,0.004785,-0.6619,389.4592,0,-1.0261,-0.8196,41.96,-0.024995834027731,-2.3894,1085.42,88.7868,2
Japan,2022,0.941998775483285,2.49770278172255,2.614,0.126874933673179,131.498140443764,89.9707516343257,100.93,6.42,1831.58,157.5832,199.273,124.7959,0.3231,0.3833,0.3623,144.51,154.67,187.78,341.53,201.746187899656,21.9,171.5,0.0022313211196428,248.2,1.473,7.1429,0.008589,1.8306,501.2488,2,0.8287,-0.6619,70.86,-0.233352779398264,-1.0547,2962.5,90.0976,2
Japan,2023,1.47503481053384,3.26813365933163,2.6,0.111846653062437,140.49110006234,87.2798853157027,82.49,2.54,1425.67,121.7113,133.9154,116.2384,0.2753,0.2765,0.3149,124.52,130.88,126.29,331.78,202.84371909001,21.8,169.8,0.0022313211196428,240.5,0.4751,6.2378,0.002798,0.6466,471.3764,1,1.473,1.8306,100.93,2.49770278172255,7.1429,1831.58,87.3917,2
Japan,2024,0.104309021773304,2.73853681635241,2.5,0.115309420280122,151.366291302752,87.2798853157027,80.52,2.19,1685.42,134.4528,131.6918,147.6046,0.2086,0.1957,0.3383,121.98,113.48,138.07,328.52,202.84371909001,20.7,168.0,0.0022313211196428,236.1,0.2392,0.1936,0.001424,1.0671,460.4765,0,0.4751,0.6466,82.49,3.26813365933163,6.2378,1425.67,87.3952,2
Pakistan,1990,4.45858681510218,9.05213155279776,0.596,5.01436068130985,21.707375,21.4675130777388,23.76,3.56,1347.5,121.2444,146.7482,87.4061,0.2428,0.3953,0.1399,63.32,58.08,45.47,119.62,63.6268571428571,14.81,10.0,1.21484685318654,58.5,0.0,0.0,0.0,0.6312,-74.6494,1,,,,,,,26.4819,3
Pakistan,1991,5.06156775897861,11.7912703351416,0.596,3.39438232501182,23.8007666666667,19.8058206130138,20.04,3.01,1595.42,149.4545,154.5212,153.3005,0.1691,0.3833,0.1849,62.35,57.86,49.01,120.38,63.2047299563905,14.52,10.4,0.604785838863681,58.5,-0.7071,-0.9887,-0.06799,1.5623,-73.3623,1,0.0,0.6312,23.76,9.05213155279776,0.0,1347.5,23.2002,3
Pakistan,1992,7.70589781716029,9.5090414619015,0.587,3.2190438358492,25.0827916666667,20.9236470388105,19.32,2.9,1198.67,84.0163,99.6141,60.2127,0.132,0.1941,0.1274,64.23,60.96,52.99,122.51,71.7886029411765,14.47,10.8,0.566738014880155,58.5,-0.7218,-0.8904,-0.066833,-0.5977,-80.8053,0,-0.7071,1.5623,20.04,11.7912703351416,-0.9887,1595.42,24.1427,3
Pakistan,1993,1.7577476978468,9.97366476029209,0.596,2.79150186847426,28.1071833333333,22.4309133284906,17.01,2.55,1398.08,101.6828,117.9802,77.4288,0.1385,0.249,0.2364,62.26,59.02,53.97,128.6,71.0148858749587,14.29,11.2,0.438293443851917,58.5,-1.0791,-1.601,-0.096348,-0.0145,-72.8057,0,-0.7218,-0.5977,19.32,9.5090414619015,-0.8904,1198.67,25.2224,3
Pakistan,1994,3.73741555767747,12.3681943936948,0.601,3.34511569570683,30.5665916666667,24.8172308631675,15.86,2.38,1502.08,99.0482,118.7165,71.1668,0.1561,0.2607,0.405,67.26,61.94,71.87,133.85,72.1841983471074,14.2,11.6,0.405537823495565,58.5,-1.0907,-1.7845,-0.094026,-0.1015,-67.7579,0,-1.0791,-0.0145,17.01,9.97366476029209,-1.601,1398.08,28.1623,3
Pakistan,1995,4.96260914623281,12.3435785170513,0.611,2.82376378951299,31.6426833333333,24.3936474955339,17.02,2.55,1957.0,85.5373,88.9535,79.6046,0.149,0.2117,0.1281,76.83,70.85,79.96,138.84,82.5713722915299,14.29,12.0,0.43607956088188,52.3,-0.4731,-0.4459,-0.039425,-0.5475,-70.7166,0,-1.0907,-0.1015,15.86,12.3681943936948,-1.7845,1502.08,27.2174,3
Pakistan,1996,4.84658128681654,10.3738085885002,0.6,2.02786922311198,36.0786833333333,25.9248607817896,20.64,3.1,1310.08,74.6745,73.2736,74.3767,0.1557,0.1605,0.1059,77.82,83.66,69.94,139.63,78.9845826513912,14.57,12.4,0.521201638149299,52.5,1.3684,1.4341,0.110355,-0.906,-66.6162,0,-0.4731,-0.5475,17.02,12.3435785170513,-0.4459,1957.0,27.9527,3
Pakistan,1997,1.01439601077892,11.3754928865122,0.611,2.73456924126094,41.111525,27.3837935349296,19.11,2.5,1315.58,50.9147,53.183,45.429,0.0719,0.1523,0.0947,70.76,66.51,70.68,142.08,85.6744201030928,14.45,12.8,0.477123800065846,52.8,0.6167,0.6267,0.04818,-1.6903,-68.7986,0,1.3684,-0.906,20.64,10.3738085885002,1.4341,1310.08,30.1184,3
Pakistan,1998,2.55023429817393,6.22800415424543,0.62,1.88448808958283,45.0466666666667,26.9984351135532,12.76,2.09,930.5,68.4694,79.9645,52.6754,0.2905,0.1581,0.1229,64.82,58.9,83.89,141.38,82.8422879177378,13.95,13.2,0.235044426782297,53.8,-1.4207,-2.3929,-0.107629,-1.1108,-67.4802,0,0.6167,-1.6903,19.11,11.3754928865122,0.6267,1315.58,28.8829,3
Pakistan,1999,3.66013273943236,4.14263718082171,0.625,1.58160869663171,49.5006915833333,27.179212038551,17.9,2.27,1086.75,73.978,78.924,67.8636,0.1999,0.1515,0.1683,55.38,53.12,58.23,142.76,91.0639665702347,14.36,13.6,0.410262653806964,60.7,0.1393,0.2513,0.010243,-0.929,-72.1059,0,-1.4207,-1.1108,12.76,6.22800415424543,-2.3929,930.5,28.7608,3
Pakistan,2000,4.2600880111325,4.36666451291681,0.614,1.08056705613903,53.6481865,27.075243964497,28.66,4.31,1615.25,57.4153,60.5228,53.0921,0.1961,0.1052,0.1463,53.66,51.42,42.89,144.14,95.4413659793814,15.2,14.0,0.57523060801743,61.7,1.5349,4.7842,0.109636,-1.4757,-73.401,0,0.1393,-0.929,17.9,4.14263718082171,0.2513,1086.75,28.1558,3
Pakistan,2001,3.65135017083765,3.14826144590618,0.611,1.50392783829178,61.9271616666666,25.1555854534493,24.46,3.96,1187.17,168.8292,107.9818,251.9475,0.3534,0.3307,0.1977,55.35,51.85,42.48,142.8,94.0718849840256,14.87,14.2,0.499846315824726,65.1,0.6322,2.0871,0.044521,2.2018,-74.4256,0,1.5349,-1.4757,28.66,4.36666451291681,4.7842,1615.25,26.6595,3
Pakistan,2002,2.59481668445784,3.29034472613153,0.615,3.62937104656209,59.7237816666667,24.391055188242,24.99,3.37,1181.75,156.0422,129.0182,198.7998,0.3968,0.3301,0.3346,53.43,55.58,55.14,144.01,97.7847533632287,14.91,14.4,0.55283472801061,60.5,0.5097,1.7192,0.035396,1.7798,-75.4127,0,0.6322,2.2018,24.46,3.14826144590618,2.0871,1187.17,28.0204,3
Pakistan,2003,5.40131087314342,2.91413470059479,0.612,3.52757185317913,57.7519966666667,20.7973571927409,28.85,5.49,2733.58,176.3016,167.5325,204.4774,0.2597,0.4845,0.6247,58.12,59.38,62.63,147.11,100.970182750882,15.21,14.6,0.522591846064124,56.3,0.8731,2.0121,0.059801,2.4485,-72.71,1,0.5097,1.7798,24.99,3.29034472613153,1.7192,1181.75,24.3249,3
Pakistan,2004,7.83125556961251,7.44462469342739,0.598,2.98375276643631,58.2578633333333,21.0551650169282,38.26,5.9,4484.92,129.3962,108.3183,162.7595,0.2224,0.2754,0.3263,65.9,64.0,69.61,161.48,110.778950841306,15.95,14.8,0.661270328742457,50.6,1.6649,4.7413,0.112493,0.9002,-53.5339,1,0.8731,2.4485,28.85,2.91413470059479,2.0121,2733.58,24.0389,3
Pakistan,2005,7.2765744364722,9.06332737030417,0.583,2.94748457854817,59.514475,20.489384666251,54.57,8.81,3252.83,101.539,83.7753,122.4823,0.2135,0.2298,0.2782,67.65,60.77,64.4,169.56,123.483460391117,17.22,15.0,0.913653665209943,47.9,1.6087,10.1586,0.107247,-0.0193,-43.2273,0,1.6649,0.9002,38.26,7.44462469342739,4.7413,4484.92,23.4369,3
Pakistan,2006,6.05163767569996,7.92108440058789,0.582,3.16362276382615,60.271335,23.1057394647007,65.16,6.74,3239.25,104.0353,101.8069,105.9677,0.252,0.2644,0.3846,72.85,71.23,70.55,180.24,125.730244063325,18.05,15.2,0.883595451345289,46.2,1.3328,10.954,0.087684,0.0631,-21.8802,0,1.6087,-0.0193,54.57,9.06332737030417,10.1586,3252.83,26.2694,3
Pakistan,2007,4.4448143398844,7.59868441050774,0.398,3.25728883548923,60.7385158333334,24.2870019462972,72.44,6.98,7252.25,93.738,90.645,95.9896,0.2015,0.1677,0.2486,94.55,100.91,107.31,183.18,118.423492379059,18.61,15.4,0.947147229187945,44.2,1.1322,9.4191,0.073519,-0.2768,-14.8698,0,1.3328,0.0631,65.16,7.92108440058789,10.954,3239.25,27.5443,3
Pakistan,2008,2.1204410433083,20.2861210929554,0.423,3.48114218915231,70.4080333333333,24.5198691321657,96.94,8.86,6069.83,81.1965,74.7794,87.2034,0.2889,0.1383,0.1758,117.74,137.64,141.07,196.44,119.154650373388,20.53,15.6,1.0846584932923,49.5,1.4444,13.6012,0.09259,-0.6907,11.0817,0,1.1322,-0.2768,72.44,7.59868441050774,9.4191,7252.25,28.001,3
Pakistan,2009,3.47255059567348,13.6477650639761,0.535,4.65309230234024,81.7128916666666,23.8982515314628,61.74,3.95,2641.17,83.1019,80.6987,82.3003,0.2633,0.194,0.3132,91.79,97.19,94.43,189.18,144.327430319511,17.78,15.8,0.525570260608523,54.6,-0.5175,-3.5687,-0.032753,-0.6278,-3.8485,0,1.4444,-0.6907,96.94,20.2861210929554,13.6012,6069.83,28.5513,3
Pakistan,2010,1.50171752152883,12.9388705634889,0.653,4.92604271661375,85.1938163257576,24.1654977748004,79.61,4.39,2674.83,84.1702,83.7355,81.6499,0.2236,0.1618,0.2765,106.87,107.5,121.95,194.5,138.30472949983,19.17,16.0,0.72864364053068,56.7,0.317,1.8164,0.019812,-0.5926,8.4401,0,-0.5175,-0.6278,61.74,13.6477650639761,-3.5687,2641.17,29.0915,3
Pakistan,2011,2.68011685421705,11.9160927116277,0.796,5.31817590756805,86.3433833333333,23.0335362134322,111.26,4.0,1531.75,90.0954,81.2795,100.4688,0.1728,0.1589,0.1432,131.78,142.16,156.48,201.12,128.5226910299,17.0,16.2,1.01863575475154,56.2,1.361,-8.6905,0.084012,-0.397,21.8674,1,0.317,-0.5926,79.61,12.9388705634889,1.8164,2674.83,28.3517,3
Pakistan,2012,3.02758391088629,9.68235186055684,3.667,5.60040378648877,93.3951972222222,23.0901671614358,111.57,2.75,885.25,81.4752,81.1079,79.9891,0.1614,0.1474,0.1618,122.75,137.4,138.31,205.82,117.362367724868,16.8,16.4,1.0633112529615,58.4,0.9002,-7.9755,0.05489,-0.6815,29.0607,2,1.361,-0.397,111.26,11.9160927116277,-8.6905,1531.75,28.6906,3
Pakistan,2013,4.36686504978387,7.69215611899565,2.954,5.65574753329438,101.628899206349,23.7426301554015,108.56,3.73,1255.75,83.0366,81.5072,84.5097,0.1214,0.1731,0.2625,120.14,129.11,119.5,209.28,135.702592714145,16.6,16.6,1.06026413011729,59.2,0.6167,-4.98,0.037151,-0.63,41.3414,1,0.9002,-0.6815,111.57,9.68235186055684,-7.9755,885.25,29.3984,3
Pakistan,2014,4.11642817161422,7.18938402847028,1.827,6.35394444445627,101.100088423521,26.3454371170871,98.97,4.39,1065.42,100.2916,109.698,88.4788,0.1414,0.1485,0.1274,114.98,115.82,110.62,214.45,134.854139290407,16.9,16.8,0.93400190583338,58.8,-0.2237,-2.2782,-0.013315,-0.0605,52.575,0,0.6167,-0.63,108.56,7.69215611899565,-4.98,1255.75,32.6994,3
Pakistan,2015,4.21794209572506,2.52932817254229,3.566,6.43611445161773,102.769271604675,29.0045925555989,52.32,2.63,703.92,105.9536,101.5169,114.0152,0.1489,0.1432,0.1231,93.06,95.87,89.94,213.54,137.471578947368,17.0,17.0,0.333804259360431,59.1,-1.7518,0.8304,-0.103047,0.1264,51.5334,0,-0.2237,-0.0605,98.97,7.18938402847028,-2.2782,1065.42,35.4407,3
Pakistan,2016,6.57383828511043,3.7651191635658,2.285,6.31922966290135,104.769117033301,33.3820988770975,43.64,2.52,692.83,98.6787,90.7686,110.7095,0.1514,0.2159,0.2887,91.95,88.31,99.44,213.89,144.562955792191,18.5,17.2,0.187153081394228,62.1,-1.2129,7.8089,-0.070517,-0.1137,55.0257,0,-1.7518,0.1264,52.32,2.52932817254229,0.8304,703.92,39.7013,3
Pakistan,2017,4.43262590683975,4.08537368032608,3.204,5.85367806811606,105.455162087938,39.1478409126632,54.12,2.99,1149.67,107.3773,117.4667,93.905,0.159,0.4279,0.8781,97.93,90.98,101.91,221.64,152.47894905479,19.25,17.4,0.300559741011292,62.1,-0.5822,9.0652,-0.03346,0.1734,77.5172,0,-1.2129,-0.1137,43.64,3.7651191635658,7.8089,692.83,45.0015,3
Pakistan,2018,6.15170261099519,5.07805725868917,4.083,5.95094743448361,121.824068875756,35.5257059693009,71.33,3.17,1339.42,98.5529,122.8478,65.4443,0.1608,0.3244,0.6791,95.75,100.82,87.76,235.75,152.723620025674,21.4,17.6,0.443490416507805,66.3,0.3307,14.9919,0.01879,-0.1178,113.1618,0,-0.5822,0.1734,54.12,4.08537368032608,9.0652,1149.67,41.4767,3
Pakistan,2019,2.49763692943365,10.5783618004555,4.83,6.9340427404279,150.036253839864,33.5162433021545,64.3,2.57,1324.5,90.9463,112.7704,60.5953,0.2164,0.2936,0.3959,94.93,96.6,83.24,235.72,152.385293154274,20.0,17.8,0.358191529536938,78.7,0.6623,4.0042,0.037208,-0.3689,112.8357,2,0.3307,-0.1178,71.33,5.07805725868917,14.9919,1339.42,40.4503,3
Pakistan,2020,-1.27408744338709,9.73999313898155,5.994,8.68401332889248,161.838479684718,38.9537236935755,41.96,2.03,1085.42,77.2938,97.4657,49.321,0.1724,0.1773,0.2116,98.05,103.12,99.44,239.18,155.150889104429,19.2,18.0,0.159470063577414,80.8,-1.0261,-2.3894,-0.057006,-0.8196,123.7321,1,0.6623,-0.3689,64.3,10.5783618004555,4.0042,1324.5,47.6377,3
Pakistan,2021,6.51388575852702,9.49621056124947,6.338,8.98436279286431,162.906253747418,41.5848203083345,70.86,3.91,2962.5,82.0702,103.886,54.5472,0.2134,0.2176,0.2185,125.73,131.15,164.85,303.41,161.930184940555,19.7,18.0,0.380197434318265,74.7,0.8287,-1.0547,0.046039,-0.6619,300.5767,0,-1.0261,-0.8196,41.96,9.73999313898155,-2.3894,1085.42,50.5692,3
Pakistan,2022,4.7781068690358,19.8738599646655,5.291,8.04928811142895,204.867187469982,39.7925509388676,100.93,6.42,1831.58,157.5832,199.273,124.7959,0.3231,0.3833,0.3623,144.51,154.67,187.78,341.53,146.916903738009,21.9,18.0,0.380197434318265,77.3,1.473,7.1429,0.081833,1.8306,365.0226,2,0.8287,-0.6619,70.86,9.49621056124947,-1.0547,2962.5,47.8418,3
Pakistan,2023,-0.414935997088406,30.7681280657005,5.237,7.88805370627643,280.356111655149,39.7925509388676,82.49,2.54,1425.67,121.7113,133.9154,116.2384,0.2753,0.2765,0.3149,124.52,130.88,126.29,331.78,160.257600793126,21.8,18.0,0.380197434318265,78.5,0.4751,6.2378,0.026394,0.6466,372.413,1,1.473,1.8306,100.93,19.8738599646655,7.1429,1831.58,47.6806,3
Pakistan,2024,3.04898287335465,12.6325318530452,5.492,9.39634523470825,278.580716167563,39.7925509388676,80.52,2.19,1685.42,134.4528,131.6918,147.6046,0.2086,0.1957,0.3383,121.98,113.48,138.07,328.52,160.257600793126,20.7,18.0,0.380197434318265,70.4,0.2392,0.1936,0.013289,1.0671,363.8016,0,0.4751,0.6466,82.49,30.7681280657005,6.2378,1425.67,49.1889,3
Singapore,1990,9.82089955731777,3.46075338652824,2.18,0.0,1.81253333333333,212.744384973549,23.76,3.56,1347.5,121.2444,146.7482,87.4061,0.2428,0.3953,0.1399,63.32,58.08,45.47,119.62,0.0,14.81,30.0,0.0,73.5,0.0,0.0,0.0,0.6312,-0.0,1,,,,,,,212.7444,4
Singapore,1991,6.68839753958379,3.42570173078643,2.18,0.0,1.72755,203.464665964666,20.04,3.01,1595.42,149.4545,154.5212,153.3005,0.1691,0.3833,0.1849,62.35,57.86,49.01,120.38,0.0,14.52,30.5,0.0,76.4,-0.7071,-0.9887,-0.023184,1.5623,-0.0,1,0.0,0.6312,23.76,3.46075338652824,0.0,1347.5,203.4647,4
Singapore,1992,6.63980556949564,2.26307118702851,3.09,0.0,1.62896666666667,197.821512922382,19.32,2.9,1198.67,84.0163,99.6141,60.2127,0.132,0.1941,0.1274,64.23,60.96,52.99,122.51,0.0,14.47,31.0,0.0,79.0,-0.7218,-0.8904,-0.023284,-0.5977,-0.0,0,-0.7071,1.5623,20.04,3.42570173078643,-0.9887,1595.42,197.8215,4
Singapore,1993,11.459650875246,2.28929964388641,3.07,0.0,1.61579083333333,185.556604926027,17.01,2.55,1398.08,101.6828,117.9802,77.4288,0.1385,0.249,0.2364,62.26,59.02,53.97,128.6,0.0,14.29,31.5,0.0,71.2,-1.0791,-1.601,-0.034257,-0.0145,-0.0,0,-0.7218,-0.5977,19.32,2.26307118702851,-0.8904,1198.67,185.5566,4
Singapore,1994,11.0956893100227,3.10013262599502,3.03,0.0,1.52744416666667,161.60581731679,15.86,2.38,1502.08,99.0482,118.7165,71.1668,0.1561,0.2607,0.405,67.26,61.94,71.87,133.85,0.0,14.2,32.0,0.0,70.7,-1.0907,-1.7845,-0.034084,-0.1015,-0.0,0,-1.0791,-0.0145,17.01,2.28929964388641,-1.601,1398.08,161.6058,4
Singapore,1995,7.17540112091071,1.72053384788524,3.3,0.0,1.417375,171.864698494214,17.02,2.55,1957.0,85.5373,88.9535,79.6046,0.149,0.2117,0.1281,76.83,70.85,79.96,138.84,0.0,14.29,32.5,0.0,69.8,-0.4731,-0.4459,-0.014557,-0.5475,-0.0,0,-1.0907,-0.1015,15.86,3.10013262599502,-1.7845,1502.08,171.8647,4
Singapore,1996,7.47139086002002,1.38318052481876,3.57,0.0,1.41004083333333,182.083389483985,20.64,3.1,1310.08,74.6745,73.2736,74.3767,0.1557,0.1605,0.1059,77.82,83.66,69.94,139.63,0.0,14.57,33.0,0.0,71.3,1.3684,1.4341,0.041467,-0.906,-0.0,0,-0.4731,-0.5475,17.02,1.72053384788524,-0.4459,1957.0,182.0834,4
Singapore,1997,8.31620911124497,2.00358618538962,2.5,0.0,1.48480583333333,191.252037056862,19.11,2.5,1315.58,50.9147,53.183,45.429,0.0719,0.1523,0.0947,70.76,66.51,70.68,142.08,0.0,14.45,33.5,0.0,70.8,0.6167,0.6267,0.018409,-1.6903,-0.0,0,1.3684,-0.906,20.64,1.38318052481876,1.4341,1310.08,191.252,4
Singapore,1998,-2.19101500611274,-0.267502292876153,3.41,0.0,1.67360166666667,196.629214827434,12.76,2.09,930.5,68.4694,79.9645,52.6754,0.2905,0.1581,0.1229,64.82,58.9,83.89,141.38,0.0,13.95,34.0,0.0,84.6,-1.4207,-2.3929,-0.041785,-1.1108,-0.0,0,0.6167,-1.6903,19.11,2.00358618538962,0.6267,1315.58,196.6292,4
Singapore,1999,5.71837175710837,0.0167098337370727,4.85,0.0,1.69495666666667,217.735476344851,17.9,2.27,1086.75,73.978,78.924,67.8636,0.1999,0.1515,0.1683,55.38,53.12,58.23,142.76,0.0,14.36,34.5,0.0,85.3,0.1393,0.2513,0.004038,-0.929,-0.0,0,-1.4207,-1.1108,12.76,-0.267502292876153,-2.3929,930.5,217.7355,4
Singapore,2000,9.03831632555163,1.36162392448456,3.7,0.0,1.72396333333333,218.729473537416,28.66,4.31,1615.25,57.4153,60.5228,53.0921,0.1961,0.1052,0.1463,53.66,51.42,42.89,144.14,0.0,15.2,35.0,0.0,82.3,1.5349,4.7842,0.043854,-1.4757,-0.0,0,0.1393,-0.929,17.9,0.0167098337370727,0.2513,1086.75,218.7295,4
Singapore,2001,-1.07086275100448,0.997197956155943,3.76,0.0,1.7917225,208.664572934777,24.46,3.96,1187.17,168.8292,107.9818,251.9475,0.3534,0.3307,0.1977,55.35,51.85,42.48,142.8,0.0,14.87,35.5,0.0,94.5,0.6322,2.0871,0.017808,2.2018,-0.0,0,1.5349,-1.4757,28.66,1.36162392448456,4.7842,1615.25,208.6646,4
Singapore,2002,3.92336076702013,-0.391676866585049,5.65,0.0,1.79058833333333,207.59861227614,24.99,3.37,1181.75,156.0422,129.0182,198.7998,0.3968,0.3301,0.3346,53.43,55.58,55.14,144.01,0.0,14.91,36.0,0.0,96.3,0.5097,1.7192,0.014158,1.7798,-0.0,0,0.6322,2.2018,24.46,0.997197956155943,2.0871,1187.17,207.5986,4
Singapore,2003,4.54825542643229,0.507905300237551,5.93,0.0,1.74218333333333,189.537024588449,28.85,5.49,2733.58,176.3016,167.5325,204.4774,0.2597,0.4845,0.6247,58.12,59.38,62.63,147.11,0.0,15.21,36.5,0.0,99.1,0.8731,2.0121,0.023921,2.4485,-0.0,1,0.5097,1.7798,24.99,-0.391676866585049,1.7192,1181.75,189.537,4
Singapore,2004,9.93998268434957,1.66272719863072,5.84,0.0,1.69022833333333,190.07586273938,38.26,5.9,4484.92,129.3962,108.3183,162.7595,0.2224,0.2754,0.3263,65.9,64.0,69.61,161.48,0.0,15.95,37.0,0.0,95.7,1.6649,4.7413,0.044997,0.9002,-0.0,1,0.8731,2.4485,28.85,0.507905300237551,2.0121,2733.58,190.0759,4
Singapore,2005,7.36632239250758,0.425106276569107,5.59,0.0,1.6643975,236.275469317464,54.57,8.81,3252.83,101.539,83.7753,122.4823,0.2135,0.2298,0.2782,67.65,60.77,64.4,169.56,0.0,17.22,37.5,0.0002190947402181,92.7,1.6087,10.1586,0.042899,-0.0193,-0.0,0,1.6649,0.9002,38.26,1.66272719863072,4.7413,4484.92,236.2755,4
Singapore,2006,9.00676607871758,0.965657519018511,4.48,0.0,1.58893333333333,239.462723776914,65.16,6.74,3239.25,104.0353,101.8069,105.9677,0.252,0.2644,0.3846,72.85,71.23,70.55,180.24,0.0,18.05,38.0,0.0033318298961492,86.5,1.3328,10.954,0.035074,0.0631,-0.0,0,1.6087,-0.0193,54.57,0.425106276569107,10.1586,3252.83,239.4627,4
Singapore,2007,9.02151951268893,2.10980166714574,3.9,0.0,1.50710166666667,271.316427060438,72.44,6.98,7252.25,93.738,90.645,95.9896,0.2015,0.1677,0.2486,94.55,100.91,107.31,183.18,0.0,18.61,38.5,0.0064600151031482,87.8,1.1322,9.4191,0.029408,-0.2768,-0.0,0,1.3328,0.0631,65.16,0.965657519018511,10.954,3239.25,271.3164,4
Singapore,2008,1.86348345462035,6.63544058395309,3.96,0.0,1.41486083333333,262.215986853303,96.94,8.86,6069.83,81.1965,74.7794,87.2034,0.2889,0.1383,0.1758,117.74,137.64,141.07,196.44,0.0,20.53,39.0,0.0247658429846694,97.9,1.4444,13.6012,0.037036,-0.6907,0.0,0,1.1322,-0.2768,72.44,2.10980166714574,9.4191,7252.25,262.216,4
Singapore,2009,0.127953382778088,0.589142019610516,5.86,0.0,1.45451471343874,256.852513663809,61.74,3.95,2641.17,83.1019,80.6987,82.3003,0.2633,0.194,0.3132,91.79,97.19,94.43,189.18,0.0,17.78,39.5,0.0062081095239493,101.7,-0.5175,-3.5687,-0.013101,-0.6278,-0.0,0,1.4444,-0.6907,96.94,6.63544058395309,13.6012,6069.83,256.8525,4
Singapore,2010,14.5197497108994,2.82884527612958,4.12,0.0,1.36350833333333,278.36489282559,79.61,4.39,2674.83,84.1702,83.7355,81.6499,0.2236,0.1618,0.2765,106.87,107.5,121.95,194.5,0.0,19.17,40.0,0.0380589445820771,98.7,0.317,1.8164,0.007925,-0.5926,0.0,0,-0.5175,-0.6278,61.74,0.589142019610516,-3.5687,2641.17,278.3649,4
Singapore,2011,6.21493416858989,5.25115624639373,3.89,0.0,1.25777587719298,318.370020905262,111.26,4.0,1531.75,90.0954,81.2795,100.4688,0.1728,0.1589,0.1432,131.78,142.16,156.48,201.12,0.0,17.0,40.5,0.153787333426844,103.1,1.361,-8.6905,0.033605,-0.397,0.0,1,0.317,-0.5926,79.61,2.82884527612958,1.8164,2674.83,318.37,4
Singapore,2012,4.43549759378537,4.58084479423094,3.72,0.0,1.2496762037037,288.091215185,111.57,2.75,885.25,81.4752,81.1079,79.9891,0.1614,0.1474,0.1618,122.75,137.4,138.31,205.82,0.0,16.8,41.0,0.142898804490871,106.7,0.9002,-7.9755,0.021956,-0.6815,0.0,2,1.361,-0.397,111.26,5.25115624639373,-8.6905,1531.75,288.0912,4
Singapore,2013,4.81763099120676,2.36439793742726,3.86,0.0,1.2513,267.276576719405,108.56,3.73,1255.75,83.0366,81.5072,84.5097,0.1214,0.1731,0.2625,120.14,129.11,119.5,209.28,0.0,16.6,41.5,0.11912189370539,98.2,0.6167,-4.98,0.01486,-0.63,0.0,1,0.9002,-0.6815,111.57,4.58084479423094,-7.9755,885.25,267.2766,4
Singapore,2014,3.93554027709007,1.03316955857629,3.74,0.0,1.26705,275.189793160703,98.97,4.39,1065.42,100.2916,109.698,88.4788,0.1414,0.1485,0.1274,114.98,115.82,110.62,214.45,0.0,16.9,42.0,0.104388992582944,97.7,-0.2237,-2.2782,-0.005326,-0.0605,0.0,0,0.6167,-0.63,108.56,2.36439793742726,-4.98,1255.75,275.1898,4
Singapore,2015,2.97679931634806,-0.521975611895763,3.79,0.0,1.374825,277.405757867332,52.32,2.63,703.92,105.9536,101.5169,114.0152,0.1489,0.1432,0.1231,93.06,95.87,89.94,213.54,0.0,17.0,42.5,0.0340084198311141,102.2,-1.7518,0.8304,-0.041219,0.1264,0.0,0,-0.2237,-0.0605,98.97,1.03316955857629,-2.2782,1065.42,277.4058,4
Singapore,2016,3.74757848792792,-0.529809760375464,4.08,0.0,1.38154636363636,274.260261369755,43.64,2.52,692.83,98.6787,90.7686,110.7095,0.1514,0.2159,0.2887,91.95,88.31,99.44,213.89,0.0,18.5,43.0,0.0289302386437418,106.3,-1.2129,7.8089,-0.028207,-0.1137,0.0,0,-1.7518,0.1264,52.32,-0.521975611895763,0.8304,703.92,274.2603,4
Singapore,2017,4.47689915845876,0.576763191179996,4.2,0.0,1.380925,275.903826650794,54.12,2.99,1149.67,107.3773,117.4667,93.905,0.159,0.4279,0.8781,97.93,90.98,101.91,221.64,0.0,19.25,43.5,0.0,107.6,-0.5822,9.0652,-0.013384,0.1734,0.0,0,-1.2129,-0.1137,43.64,-0.529809760375464,7.8089,692.83,275.9038,4
Singapore,2018,3.4519759658687,0.438784215129623,3.613,0.0,1.34884166666667,273.793180423015,71.33,3.17,1339.42,98.5529,122.8478,65.4443,0.1608,0.3244,0.6791,95.75,100.82,87.76,235.75,0.0,21.4,44.0,0.0,109.4,0.3307,14.9919,0.007516,-0.1178,0.0,0,-0.5822,0.1734,54.12,0.576763191179996,9.0652,1149.67,273.7932,4
Singapore,2019,1.30804118153127,0.567829988405447,3.1,0.0,1.36415833333333,269.815306923958,64.3,2.57,1324.5,90.9463,112.7704,60.5953,0.2164,0.2936,0.3959,94.93,96.6,83.24,235.72,0.0,20.0,44.5,0.0,127.9,0.6623,4.0042,0.014883,-0.3689,0.0,2,0.3307,-0.1178,71.33,0.438784215129623,14.9919,1339.42,269.8153,4
Singapore,2020,-3.81470885510713,-0.172111865925382,4.1,0.0,1.37974166666667,264.429457913529,41.96,2.03,1085.42,77.2938,97.4657,49.321,0.1724,0.1773,0.2116,98.05,103.12,99.44,239.18,0.0,19.2,45.0,0.0,148.2,-1.0261,-2.3894,-0.022802,-0.8196,0.0,1,0.6623,-0.3689,64.3,0.567829988405447,4.0042,1324.5,264.4295,4
Singapore,2021,9.7568044629903,2.31610315765146,4.64,0.0,1.34348333333333,248.668236081717,70.86,3.91,2962.5,82.0702,103.886,54.5472,0.2134,0.2176,0.2185,125.73,131.15,164.85,303.41,0.0,19.7,45.0,0.0,141.7,0.8287,-1.0547,0.018416,-0.6619,0.0,0,-1.0261,-0.8196,41.96,-0.172111865925382,-2.3894,1085.42,248.6682,4
Singapore,2022,4.10800021897151,6.13095418919732,3.591,0.0,1.37866666666667,258.425380474946,100.93,6.42,1831.58,157.5832,199.273,124.7959,0.3231,0.3833,0.3623,144.51,154.67,187.78,341.53,0.0,21.9,45.0,0.0,154.3,1.473,7.1429,0.032733,1.8306,0.0,2,0.8287,-0.6619,70.86,2.31610315765146,-1.0547,2962.5,258.4254,4
Singapore,2023,1.82140694115385,4.83372362825798,3.444,0.0,1.34276666666667,279.622693982082,82.49,2.54,1425.67,121.7113,133.9154,116.2384,0.2753,0.2765,0.3149,124.52,130.88,126.29,331.78,0.0,21.8,45.0,0.0,172.8,0.4751,6.2378,0.010558,0.6466,0.0,1,1.473,1.8306,100.93,6.13095418919732,7.1429,1831.58,279.6227,4
Singapore,2024,4.38802362461865,2.38951123595017,2.737,0.0,1.33623333333333,279.622693982082,80.52,2.19,1685.42,134.4528,131.6918,147.6046,0.2086,0.1957,0.3383,121.98,113.48,138.07,328.52,0.0,20.7,45.0,0.0,173.5,0.2392,0.1936,0.005316,1.0671,0.0,0,0.4751,0.6466,82.49,4.83372362825798,6.2378,1425.67,279.6227,4
South Korea,1990,10.0248996213899,8.57327225728677,2.407,0.826188154277968,707.765833333333,76.6311656680065,23.76,3.56,1347.5,121.2444,146.7482,87.4061,0.2428,0.3953,0.1399,63.32,58.08,45.47,119.62,490.374807987711,14.81,60.0,0.0,12.8,0.0,0.0,0.0,0.6312,-575.3258,1,,,,,,,77.4574,5
South Korea,1991,10.8749739277708,9.33279048161495,2.407,0.785561039949458,733.329166666667,81.2608214765468,20.04,3.01,1595.42,149.4545,154.5212,153.3005,0.1691,0.3833,0.1849,62.35,57.86,49.01,120.38,481.421899325376,14.52,62.0,0.0,11.9,-0.7071,-0.9887,-0.011405,1.5623,-558.7911,1,0.0,0.6312,23.76,8.57327225728677,0.0,1347.5,82.0464,5
South Korea,1992,6.35159199606441,6.21328146355184,2.513,0.797636990877627,780.670833333333,85.9586853264007,19.32,2.9,1198.67,84.0163,99.6141,60.2127,0.132,0.1941,0.1274,64.23,60.96,52.99,122.51,507.744994731296,14.47,64.0,0.0,11.6,-0.7218,-0.8904,-0.011278,-0.5977,-571.518,0,-0.7071,1.5623,20.04,9.33279048161495,-0.9887,1595.42,86.7563,5
South Korea,1993,6.99471791742556,4.80099660215354,2.878,0.711550977703786,802.538333333333,87.8719173333375,17.01,2.55,1398.08,101.6828,117.9802,77.4288,0.1385,0.249,0.2364,62.26,59.02,53.97,128.6,519.306666666667,14.29,66.0,0.0,10.9,-1.0791,-1.601,-0.01635,-0.0145,-532.4024,0,-0.7218,-0.5977,19.32,6.21328146355184,-0.8904,1198.67,88.5835,5
South Korea,1994,9.3718357757101,6.26585950039679,2.476,0.64424402914667,803.771666666667,92.4205454756462,15.86,2.38,1502.08,99.0482,118.7165,71.1668,0.1561,0.2607,0.405,67.26,61.94,71.87,133.85,520.325203252033,14.2,68.0,0.0,9.6,-1.0907,-1.7845,-0.01604,-0.1015,-488.4193,0,-1.0791,-0.0145,17.01,4.80099660215354,-1.601,1398.08,93.0648,5
South Korea,1995,9.7358937505409,4.48074108557248,2.063,0.559248792378199,771.254166666667,90.7053368517231,17.02,2.55,1957.0,85.5373,88.9535,79.6046,0.149,0.2117,0.1281,76.83,70.85,79.96,138.84,549.090858104319,14.29,70.0,0.0,8.5,-0.4731,-0.4459,-0.006759,-0.5475,-470.2577,0,-1.0907,-0.1015,15.86,6.26585950039679,-1.7845,1502.08,91.2646,5
South Korea,1996,7.99042982526839,4.92454354292754,2.048,0.531339775681197,804.4575,92.7020719120658,20.64,3.1,1310.08,74.6745,73.2736,74.3767,0.1557,0.1605,0.1059,77.82,83.66,69.94,139.63,520.863610315186,14.57,74.0,0.0,7.8,1.3684,1.4341,0.018492,-0.906,-439.3005,0,-0.4731,-0.5475,17.02,4.48074108557248,-0.4459,1957.0,93.2334,5
South Korea,1997,6.2821926537929,4.4389318457463,2.608,0.659654333729407,949.89,93.3862816946339,19.11,2.5,1315.58,50.9147,53.183,45.429,0.0719,0.1523,0.0947,70.76,66.51,70.68,142.08,576.074332171893,14.45,78.0,0.0045441462305219,9.7,0.6167,0.6267,0.007906,-1.6903,-462.6016,0,1.3684,-0.906,20.64,4.92454354292754,1.4341,1310.08,94.0459,5
South Korea,1998,-4.9389297463141,7.51358008079307,6.963,1.24717712440792,1403.18333333333,89.3835649432066,12.76,2.09,930.5,68.4694,79.9645,52.6754,0.2905,0.1581,0.1229,64.82,58.9,83.89,141.38,507.611241217799,13.95,82.0,0.0042366697066015,13.8,-1.4207,-2.3929,-0.017326,-1.1108,-413.481,0,0.6167,-1.6903,19.11,4.4389318457463,0.6267,1315.58,90.6307,5
South Korea,1999,11.6172629559591,0.81295725444637,6.342,0.840047418141799,1189.43916666667,88.4482330882503,17.9,2.27,1086.75,73.978,78.924,67.8636,0.1999,0.1515,0.1683,55.38,53.12,58.23,142.76,483.275456150677,14.36,86.0,0.00668755018612,15.8,0.1393,0.2513,0.00162,-0.929,-382.665,0,-1.4207,-1.1108,12.76,7.51358008079307,-2.3929,930.5,89.2883,5
South Korea,2000,9.2018583880479,2.25916580080157,4.063,0.757087382087234,1130.3625,88.8626965698761,28.66,4.31,1615.25,57.4153,60.5228,53.0921,0.1961,0.1052,0.1463,53.66,51.42,42.89,144.14,455.958672875437,15.2,90.0,0.0171114384123705,16.1,1.5349,4.7842,0.017054,-1.4757,-350.6636,0,0.1393,-0.929,17.9,0.81295725444637,0.2513,1086.75,89.6198,5
South Korea,2001,4.72593560322356,4.06657587897792,3.699,0.795715299888866,1290.79,87.8727448945928,24.46,3.96,1187.17,168.8292,107.9818,251.9475,0.3534,0.3307,0.1977,55.35,51.85,42.48,142.8,424.276494967436,14.87,91.0,0.0117084529963086,16.6,0.6322,2.0871,0.006947,2.2018,-335.669,0,1.5349,-1.4757,28.66,2.25916580080157,4.7842,1615.25,88.6685,5
South Korea,2002,7.74399895319569,2.76226210296599,3.046,0.789951740666241,1251.6025,86.5041194029852,24.99,3.37,1181.75,156.0422,129.0182,198.7998,0.3968,0.3301,0.3346,53.43,55.58,55.14,144.01,417.970131421744,14.91,92.0,0.0095743357150873,16.4,0.5097,1.7192,0.00554,1.7798,-322.3434,0,0.6322,2.2018,24.46,4.06657587897792,2.0871,1187.17,87.2941,5
South Korea,2003,3.07472661826947,3.51487451459939,3.348,0.806460806703662,1191.64583333333,87.342289824528,28.85,5.49,2733.58,176.3016,167.5325,204.4774,0.2597,0.4845,0.6247,58.12,59.38,62.63,147.11,427.04641350211,15.21,93.0,0.0089188228034682,19.1,0.8731,2.0121,0.009388,2.4485,-307.5219,1,0.5097,1.7798,24.99,2.76226210296599,1.7192,1181.75,88.1488,5
South Korea,2004,5.1836368597334,3.59066298882578,3.42,0.720946494323329,1146.24916666667,87.7224900959861,38.26,5.9,4484.92,129.3962,108.3183,162.7595,0.2224,0.2754,0.3263,65.9,64.0,69.61,161.48,453.196007259528,15.95,94.0,0.0104071686453881,21.6,1.6649,4.7413,0.017712,0.9002,-219.0069,1,0.8731,2.4485,28.85,3.51487451459939,2.0121,2733.58,88.4434,5
South Korea,2005,4.35823667337156,2.75379162735039,3.482,0.535163545191778,1024.32833333333,83.4372030897407,54.57,8.81,3252.83,101.539,83.7753,122.4823,0.2135,0.2298,0.2782,67.65,60.77,64.4,169.56,478.15216068168,17.22,95.0,0.0152754218373255,24.9,1.6087,10.1586,0.016934,-0.0193,-167.3846,0,1.6649,0.9002,38.26,3.59066298882578,4.7413,4484.92,83.9724,5
South Korea,2006,5.24500550580342,2.24234028518921,3.254,0.442805726523607,955.340833333333,86.8088364889406,65.16,6.74,3239.25,104.0353,101.8069,105.9677,0.252,0.2644,0.3846,72.85,71.23,70.55,180.24,333.739345274861,18.05,96.0,0.0186508346760964,27.0,1.3328,10.954,0.013883,0.0631,-58.079,0,1.6087,-0.0193,54.57,2.75379162735039,10.1586,3252.83,87.2516,5
South Korea,2007,5.8419633918717,2.53457382137932,3.013,0.42221719524622,929.375833333333,85.362445932308,72.44,6.98,7252.25,93.738,90.645,95.9896,0.2015,0.1677,0.2486,94.55,100.91,107.31,183.18,406.249843456481,18.61,97.0,0.0198193989631689,26.3,1.1322,9.4191,0.011672,-0.2768,-51.0105,0,1.3328,0.0631,65.16,2.24234028518921,10.954,3239.25,85.7847,5
South Korea,2008,3.00440451679569,4.67389655533408,2.959,0.639265612489691,1100.12583333333,85.5983565577476,96.94,8.86,6069.83,81.1965,74.7794,87.2034,0.2889,0.1383,0.1758,117.74,137.64,141.07,196.44,304.480511182109,20.53,98.0,0.0327981749761399,25.9,1.4444,13.6012,0.014739,-0.6907,28.3176,0,1.1322,-0.2768,72.44,2.53457382137932,9.4191,7252.25,86.2376,5
South Korea,2009,0.81986175641795,2.7564965449393,3.363,0.610285029022816,1277.24583333333,86.2663997166972,61.74,3.95,2641.17,83.1019,80.6987,82.3003,0.2633,0.194,0.3132,91.79,97.19,94.43,189.18,338.610677083333,17.78,99.0,0.023956728591914,28.8,-0.5175,-3.5687,-0.005227,-0.6278,-9.0291,0,1.4444,-0.6907,96.94,4.67389655533408,13.6012,6069.83,86.8767,5
South Korea,2010,6.98166138853071,2.93928652655686,3.324,0.490740501393226,1156.46,88.0806254621201,79.61,4.39,2674.83,84.1702,83.7355,81.6499,0.2236,0.1618,0.2765,106.87,107.5,121.95,194.5,330.282680822827,19.17,100.0,0.0438448106743931,28.3,0.317,1.8164,0.00317,-0.5926,20.1557,0,-0.5175,-0.6278,61.74,2.7564965449393,-3.5687,2641.17,88.5714,5
South Korea,2011,3.6880320602952,4.0259650043609,2.992,0.50510155584976,1108.23333333333,87.2305405207769,111.26,4.0,1531.75,90.0954,81.2795,100.4688,0.1728,0.1589,0.1432,131.78,142.16,156.48,201.12,337.319220430108,17.0,101.0,0.0596703107786387,31.7,1.361,-8.6905,0.013475,-0.397,57.393,1,0.317,-0.5926,79.61,2.93928652655686,1.8164,2674.83,87.7356,5
South Korea,2012,2.54766550568242,2.18707104433314,2.812,0.493438547720732,1126.80666666667,86.5466828850083,111.57,2.75,885.25,81.4752,81.1079,79.9891,0.1614,0.1474,0.1618,122.75,137.4,138.31,205.82,351.825647089739,16.8,102.0,0.0569097069190274,33.5,0.9002,-7.9755,0.008825,-0.6815,87.1175,2,1.361,-0.397,111.26,4.0259650043609,-8.6905,1531.75,87.0401,5
South Korea,2013,3.2913959543442,1.30134754547413,3.067,0.451351280432292,1094.9825,88.0801849923646,108.56,3.73,1255.75,83.0366,81.5072,84.5097,0.1214,0.1731,0.2625,120.14,129.11,119.5,209.28,344.695814948523,16.6,103.0,0.0461384584384727,36.0,0.6167,-4.98,0.005987,-0.63,105.0107,1,0.9002,-0.6815,111.57,2.18707104433314,-7.9755,885.25,88.5315,5
South Korea,2014,3.21468019683108,1.27477446401322,3.082,0.422392916919339,1052.84,86.8693911585965,98.97,4.39,1065.42,100.2916,109.698,88.4788,0.1414,0.1485,0.1274,114.98,115.82,110.62,214.45,345.922764227642,16.9,104.0,0.0403191275638592,37.9,-0.2237,-2.2782,-0.002151,-0.0605,134.8634,0,0.6167,-0.63,108.56,1.30134754547413,-4.98,1255.75,87.2918,5
South Korea,2015,2.92029267301234,0.70633177245575,3.546,0.419948566889135,1130.9525,86.7300628107977,52.32,2.63,703.92,105.9536,101.5169,114.0152,0.1489,0.1432,0.1231,93.06,95.87,89.94,213.54,337.812905428474,17.0,105.0,0.0184101263141833,38.8,-1.7518,0.8304,-0.016684,0.1264,126.6345,0,-0.2237,-0.0605,98.97,1.27477446401322,-2.2782,1065.42,87.15,5
South Korea,2016,3.17152748983935,0.971685739912168,3.65,0.413108182008924,1160.7675,86.9376320928771,43.64,2.52,692.83,98.6787,90.7686,110.7095,0.1514,0.2159,0.2887,91.95,88.31,99.44,213.89,351.141449683322,18.5,106.0,0.0154774466539604,39.1,-1.2129,7.8089,-0.011442,-0.1137,133.6567,0,-1.7518,0.1264,52.32,0.70633177245575,0.8304,703.92,87.3507,5
South Korea,2017,3.433191763972,1.94433230786366,3.653,0.381616908953979,1131.00083333333,88.471036646429,54.12,2.99,1149.67,107.3773,117.4667,93.905,0.159,0.4279,0.8781,97.93,90.98,101.91,221.64,353.420204768383,19.25,107.0,0.0156129162216889,38.0,-0.5822,9.0652,-0.005441,0.1734,179.6717,0,-1.2129,-0.1137,43.64,0.971685739912168,7.8089,692.83,88.8527,5
South Korea,2018,3.17611568177327,1.47583935002645,3.824,0.390576638060424,1100.16333333333,89.4697678996836,71.33,3.17,1339.42,98.5529,122.8478,65.4443,0.1608,0.3244,0.6791,95.75,100.82,87.76,235.75,367.328238719068,21.4,108.0,0.0251346708672274,37.9,0.3307,14.9919,0.003062,-0.1178,272.1747,0,-0.5822,0.1734,54.12,1.94433230786366,9.0652,1149.67,89.8603,5
South Korea,2019,2.31380210595475,0.383000303608136,3.746,0.409246873851897,1165.3575,88.1562990760159,64.3,2.57,1324.5,90.9463,112.7704,60.5953,0.2164,0.2936,0.3959,94.93,96.6,83.24,235.72,366.530791788856,20.0,109.0,0.0191641999802525,39.7,0.6623,4.0042,0.006076,-0.3689,271.4026,2,0.3307,-0.1178,71.33,1.47583935002645,14.9919,1339.42,88.5655,5
South Korea,2020,-0.700242317542106,0.537288023411737,3.931,0.426290161624685,1180.26583333333,84.5177411090491,41.96,2.03,1085.42,77.2938,97.4657,49.321,0.1724,0.1773,0.2116,98.05,103.12,99.44,239.18,304.810650887574,19.2,110.0,0.0089868127458981,45.9,-1.0261,-2.3894,-0.009328,-0.8196,243.085,1,0.6623,-0.3689,64.3,0.383000303608136,4.0042,1324.5,84.944,5
South Korea,2021,4.61296795454287,2.49833333333339,3.639,0.398612260944612,1143.95166666667,84.9035262985875,70.86,3.91,2962.5,82.0702,103.886,54.5472,0.2134,0.2176,0.2185,125.73,131.15,164.85,303.41,281.478034251675,19.7,109.2,0.0283124162355571,48.0,0.8287,-1.0547,0.007589,-0.6619,522.4828,0,-1.0261,-0.8196,41.96,0.537288023411737,-2.3894,1085.42,85.3021,5
South Korea,2022,2.72756456708991,5.08951365062842,2.857,0.434292552000758,1291.44666666667,85.4997854961215,100.93,6.42,1831.58,157.5832,199.273,124.7959,0.3231,0.3833,0.3623,144.51,154.67,187.78,341.53,325.433333333333,21.9,108.5,0.0283124162355571,49.8,1.473,7.1429,0.013576,1.8306,808.5558,2,0.8287,-0.6619,70.86,2.49833333333339,-1.0547,2962.5,85.9341,5
South Korea,2023,1.58301467403629,3.5974562502901,2.675,0.381341957760895,1305.6625,84.6000911986392,82.49,2.54,1425.67,121.7113,133.9154,116.2384,0.2753,0.2765,0.3149,124.52,130.88,126.29,331.78,262.3125,21.8,107.8,0.0283124162355571,50.5,0.4751,6.2378,0.004407,0.6466,609.5723,1,1.473,1.8306,100.93,5.08951365062842,7.1429,1831.58,84.9814,5
South Korea,2024,2.00361101838986,2.32174328643542,2.784,0.397219091099879,1363.375,84.6000911986392,80.52,2.19,1685.42,134.4528,131.6918,147.6046,0.2086,0.1957,0.3383,121.98,113.48,138.07,328.52,262.3125,20.7,107.0,0.0283124162355571,49.8,0.2392,0.1936,0.002236,1.0671,595.4769,0,0.4751,0.6466,82.49,3.5974562502901,6.2378,1425.67,84.9973,5
