country,year,gdp_growth,inflation,unemployment,debt_gdp,remittance_pct_gdp,energy_imports_pct,fertilizer_consumption,crop_production_index,exchange_rate
Bangladesh,1990,5.62225816160344,6.12671846981457,,,2.46489398309466,16.9252782610812,98.7332910321489,45.08,34.5688083333333
Bangladesh,1991,3.48522781598027,6.35736412278234,2.2,,2.48523337346491,14.5675104082149,107.021843367075,47.08,36.5961833333333
Bangladesh,1992,5.44268554966725,3.63407691798491,2.233,,2.87540936210898,14.0982820989522,116.013706586131,47.47,38.9507583333333
Bangladesh,1993,4.71156172453999,3.01481859989798,2.31,,3.03732522639564,13.9538781603793,111.166588290618,47.0,39.5672575
Bangladesh,1994,3.89012644116818,5.31374007936497,2.37,,3.40813403881952,15.2850426526658,124.805780209324,44.94,40.2117391666666
Bangladesh,1995,5.12127789724337,10.2978117947206,2.441,,3.16729631986545,,142.194193241314,46.47,40.2783183333333
Bangladesh,1996,4.52291921684423,2.37712902953223,2.51,,2.89557515603607,,147.244824697858,48.95,41.7941683333333
Bangladesh,1997,4.4898964976265,5.30560105668801,2.698,,3.1641028158335,,132.205005959476,49.49,43.8921158333333
Bangladesh,1998,5.1770268731498,8.40223795613228,2.893,,3.2125653790456,,138.455169150698,51.24,46.9056516666666
Bangladesh,1999,4.67015636882111,6.10669589841958,3.088,,3.52403766089633,,161.889521100047,58.59,49.0854
Bangladesh,2000,5.29329471892532,2.20825620937535,3.27,,3.68659677566545,17.6509148650554,158.10754491018,62.5,52.1416666666666
Bangladesh,2001,5.07728777526728,2.0071737421384,3.609,31.4618431575804,3.89794627098135,21.1038949568699,174.590268577623,61.14,55.8066666666666
Bangladesh,2002,3.83312393993225,3.33256493271912,3.966,31.863991518402,5.22266923917607,19.7062195987588,188.639161517024,62.73,57.888
Bangladesh,2003,4.73956739963045,5.66870773441476,4.32,31.2044521104432,5.30538820275249,19.9285740363967,160.266893534273,64.15,58.15004
Bangladesh,2004,5.23953291029852,7.58753638504689,4.316,,5.50437314918371,17.7920645309499,170.671374186418,62.56,59.5126583333333
Bangladesh,2005,6.53594493875502,7.04661816222038,4.25,,6.21006213483214,17.9095538204646,192.872642090988,70.97,64.3274749999999
Bangladesh,2006,6.67190498576788,6.76526117054757,3.591,,7.55966261801311,16.1103486776302,188.408168316832,73.37,68.9332333333333
Bangladesh,2007,7.05859935449848,9.10698496905382,4.015,,8.24291009689063,15.8299464466906,179.81000499002,77.62,68.874875
Bangladesh,2008,6.01378975738535,8.90194489465153,4.49,,9.75655233462347,15.4943288262154,195.064350868424,84.01,68.598275
Bangladesh,2009,5.04512479919337,5.42347236174679,5.0,,10.2665399023146,14.7404722275885,184.290524471148,84.55,69.0390666666666
Bangladesh,2010,5.57178818533122,8.12667639169917,3.379,,9.41241447446753,14.4544547917684,208.024322968907,89.65,69.6492916666666
Bangladesh,2011,6.46437912497728,11.3951651552399,3.737,,9.3859804789798,17.4646380499939,249.746915935394,93.78,74.1524
Bangladesh,2012,6.52145877906443,6.21750422069283,4.07,,10.5915144036117,18.3559167186151,254.30935709739,94.27,81.8626583333333
Bangladesh,2013,6.01360565834344,7.53040640913172,4.426,,9.24470026765418,17.9640543283116,253.280642653537,96.58,78.103235
Bangladesh,2014,6.0610593588495,6.99163889220848,4.417,,8.66899486049041,19.6289634401405,278.132224964281,98.76,77.6414083333333
Bangladesh,2015,6.55263987816197,6.19428022984983,4.397,,7.83797175617291,20.4002085391355,297.810941171621,100.69,77.9469083333333
Bangladesh,2016,7.11347821270093,5.51352572692995,4.35,,5.11803588431436,21.6719159236748,288.288357639838,100.55,78.4680916666666
Bangladesh,2017,6.59024999794057,5.70207015717238,4.372,,4.59667741438375,23.889970217061,302.542720033696,108.47,80.4375416666666
Bangladesh,2018,7.31941263014136,5.54362139486476,4.439,,4.84382269321267,24.5741159464946,318.46686309072,108.0,83.4662019166666
Bangladesh,2019,7.88191515117722,5.59199639930629,4.504,,5.22841813674275,30.2974940894337,320.445462644775,109.89,84.4535225
Bangladesh,2020,3.44801755122445,5.69107474746211,5.539,,5.81626795895569,34.4620400337636,325.386565272497,111.84,84.8713916666666
Bangladesh,2021,6.93867912442445,5.54565430773473,5.457,,5.33437804101103,39.5900689972266,395.72014579444,116.46,85.08376325
Bangladesh,2022,7.09982877575158,7.69695437176898,4.593,,4.6737649876073,44.3070258449266,388.941232933807,119.1,91.7454544396961
Bangladesh,2023,5.77511237007889,9.8835030377921,3.352,,5.04555725354251,,391.888102126796,,106.309484297483
Bangladesh,2024,4.22325911250161,10.4657482763412,3.635,,6.11494686698428,,,,115.603653796648
China,1990,3.9416305983694,3.05229012075233,,18.0,0.0541929073063418,-3.991341834913,220.304523424879,40.1,4.78320833333333
China,1991,9.36170212784847,3.55668565220452,2.37,18.5,0.101380858959082,-3.5844945560059,237.51031031031,41.28,5.32339166666666
China,1992,14.2996108947926,6.35398134024868,2.37,19.0,0.144545296677853,-2.63382169910883,237.607811228641,42.68,5.51459166666666
China,1993,13.9290780143689,14.6100786356602,2.69,20.0,0.141388353168787,-0.368768942248344,206.754328112119,45.5,5.76195833333333
China,1994,13.0727091631599,24.2569897243361,2.9,21.0,0.15116516961987,-1.47072499046091,238.956089478045,46.34,8.61874266666666
China,1995,11.0328121562746,16.7912251650916,3.0,21.5,0.0474132100231308,-1.24567989587008,297.543067402576,49.53,8.35141666666666
China,1996,9.97619992053447,8.31316028893908,3.12,22.0,0.19251052615544,-1.12646996020989,301.527581092518,53.41,8.314175
China,1997,9.2876465280865,2.78646505531881,3.23,22.5,0.474190965571829,0.649738031011822,299.453331569209,54.75,8.28981666666666
China,1998,7.92079207933551,-0.773186011549318,3.24,24.0,0.0331683227992206,0.305622763116886,300.992527690388,56.45,8.27895833333333
China,1999,7.7370030581299,-1.40147268276464,3.25,25.5,0.0480140656103324,1.2667491963187,306.107833727809,58.43,8.27825
China,2000,8.58643201808462,0.347811226864586,3.26,23.6,0.0619472075354708,2.45807505926914,287.448487903226,61.97,8.27850416666666
China,2001,8.31263887091522,0.719125609120113,3.8,24.5,0.0892226828926873,0.0954125824372545,295.448526102869,63.25,8.27706833333333
China,2002,9.24339326638321,-0.731970902350243,4.24,25.7,0.157943091440011,1.55077393655025,333.508929205084,66.02,8.2769575
China,2003,10.1181928640117,1.12760348729637,4.58,26.5,0.274679180387674,2.81787719089625,328.658260424965,65.89,8.27703666666666
China,2004,10.1314073631003,3.82463743108159,4.49,26.0,0.33470576160415,5.80570745907935,352.264351737972,70.44,8.27680083333333
China,2005,11.458238455067,1.7764140766757,4.52,25.7,0.143990850692326,5.60861584629628,375.104995496979,72.56,8.19431666666666
China,2006,12.6746751655235,1.64943099455859,4.43,25.0,0.154737416153914,6.95939640874444,374.765138080587,74.41,7.97343833333333
China,2007,14.1499854947127,4.81676767378834,4.35,24.5,0.189595556743322,7.94609861840451,385.314635786511,77.42,7.6075325
China,2008,9.67024588602851,5.92525137041091,4.59,25.8,0.195754634183571,8.6324519295838,372.65810231486,82.16,6.948655
China,2009,9.40269972778044,-0.728165250932898,4.72,34.3,0.177461277719091,12.0784803208113,383.967587321621,83.79,6.83141605176666
China,2010,10.5962719761682,3.17532475269199,4.53,33.7,0.220200211357557,13.5822901864238,425.239340293993,86.35,6.77026902870939
China,2011,9.4613358870736,5.55389892257493,4.55,33.5,0.215965795112023,14.7187375691953,444.64980620155,90.95,6.46146132655007
China,2012,7.85617427055587,2.6195243264554,4.58,34.4,0.196752167063247,16.5519076203457,457.333238442414,93.5,6.31233282683186
China,2013,7.77872409446717,2.62105001748114,4.6,37.0,0.182591382060942,17.3260320088109,458.516155476157,95.7,6.19575834608231
China,2014,7.46190028229434,1.9216416278852,4.63,39.4,0.28020429672732,17.5411749363193,477.579277718331,97.36,6.14343409448867
China,2015,6.97878002657477,1.43702380935654,4.65,41.5,0.293459971514147,16.7064227414127,465.6126796366,101.49,6.22748867298454
China,2016,6.77555562837017,2.00000182191943,4.56,44.3,0.234664999780238,19.1930740055994,480.055071748405,101.14,6.6444778294468
China,2017,6.8912663621211,1.59313600071435,4.47,46.4,0.22872062217092,20.4189899878205,460.457754805883,103.12,6.75875508633597
China,2018,6.75671800166833,2.07479039965576,4.31,49.8,0.171798187789183,21.668746469651,442.553246565176,104.39,6.61595717735439
China,2019,6.06850235053705,2.89923416358226,4.56,52.6,0.125646312827257,22.2209738878689,427.750847233594,107.84,6.90838500992901
China,2020,2.34018843078414,2.41942189457782,5.0,62.0,0.125871762145022,22.9745721923886,414.491446133711,107.94,6.90076726944924
China,2021,8.57008513166322,0.981015135544881,4.55,62.8,0.123504401314794,21.638660726732,406.234332124994,109.76,6.44897518024316
China,2022,3.1341888719577,1.9735755573905,4.98,65.7,0.142457651070649,20.6245589248584,395.13903230531,111.85,6.73715811237118
China,2023,5.41484330099675,0.23483682889305,4.67,67.5,0.161377801607252,23.9617588276826,394.019742296898,,7.0839984234363
China,2024,4.9773565917572,0.218128938439177,4.59,69.0,0.16757857471,,,,7.19749110789916
India,1990,5.53345456125301,8.9712325027325,,50.7832537948314,0.742646650962366,11.3029434814426,73.523024122257,50.83,17.5035
India,1991,1.05683143496063,13.8702461773683,7.641,50.0100803583574,1.2177135602415,12.0006673214793,77.9993197779167,53.31,22.7424333333333
India,1992,5.48239602040357,11.7878170418134,7.649,49.6809013594637,1.00532422086761,13.8799860050521,74.7016643516527,55.62,25.9180833333333
India,1993,4.75077621776924,6.32689048779867,7.662,51.7598082886747,1.26131148080304,14.3248846942246,76.1767372344482,56.97,30.4932916666667
India,1994,6.65892407028434,10.2479355556119,7.593,49.5942827047274,1.78953392020369,14.0342931675683,83.4558929395478,58.87,31.3737425
India,1995,7.57449183788519,10.2248861637544,7.57,47.4916413028303,1.72725749335087,15.3877869885612,85.702855272341,59.98,32.4270766666667
India,1996,7.54952224920051,8.97715233826453,7.537,45.7233077028079,2.23104187398418,16.962490967005,89.0423288309269,62.3,35.4331733333333
India,1997,4.04982084998183,7.16425211462724,7.574,50.3654361276153,2.48419591903833,17.9400177739706,100.172560813361,63.54,36.3132858333333
India,1998,6.18441582172117,13.2308389767977,7.596,50.3192181735145,2.24973791761798,19.3430695615077,104.067951601212,64.47,41.259365
India,1999,8.84575555939531,4.66982038037594,7.583,51.3529514384148,2.42453583586909,21.3260734857601,112.171020344774,67.39,43.0554283333334
India,2000,3.84099115659129,4.0094359104519,7.589,55.0042464964554,2.75055276181012,21.8848024647478,103.786118188032,65.87,44.941605
India,2001,4.82396626555771,3.77929312235637,7.611,59.0179097968845,2.94022220760942,21.6071184549194,108.182198658974,67.61,47.1864141666667
India,2002,3.80397532112175,4.29715203929563,7.681,62.5527712945573,3.05584389568309,22.1969266729062,100.329055300688,60.85,48.6103191666667
India,2003,7.8603814759073,3.80585899528851,7.633,62.1900538960464,3.45550884243655,22.3528918245213,105.177203862352,68.92,46.5832841666667
India,2004,7.92293661199932,3.76725173477515,7.598,62.5929767433885,2.64405343790174,23.0511620657529,115.271510073208,67.18,45.3164666666666
India,2005,7.92343062148318,4.24634362031922,7.551,62.2265261001737,2.69691947410043,24.7403711279846,127.614591957051,71.11,44.099975
India,2006,8.06073257166651,5.79652337561634,7.553,59.6667302762217,3.01338413110281,26.0473139148163,136.403921543911,75.28,45.3070083333333
India,2007,7.6608150670107,6.37288135593231,7.562,57.4975363892468,3.05873598319171,27.0601259049498,142.835225474934,82.22,41.3485333333333
India,2008,3.08669805921981,8.34926704907581,7.629,57.2922142809949,4.16861118961249,28.4555744181546,153.349390803506,82.72,43.5051833333333
India,2009,7.86188883286074,10.8823529411764,7.636,55.2564461117969,3.6667673744297,29.3426479119283,167.457295914491,79.77,48.4052666666666
India,2010,8.49758470221235,11.9893899204244,7.631,51.5919103003897,3.19166058450459,30.2219214810602,179.035876924253,87.88,45.7258121212121
India,2011,5.24131619937695,8.91179336483371,7.609,51.5565536600977,3.42826651551382,31.1609590704357,180.748291172705,94.21,46.6704666666667
India,2012,5.45638755166587,9.47899691419801,7.645,50.6780305618952,3.76554510581057,32.8228389038316,163.122021642201,95.63,53.4372333333333
India,2013,6.38610640094825,10.0178784746102,7.678,50.3118273627008,3.76848981172284,34.024000893281,156.495698086192,100.02,58.5978454166667
India,2014,7.41022760508854,6.66565671867899,7.656,49.9009248748319,3.45190175872427,36.5423025911346,163.498079418137,101.33,61.0295144607843
India,2015,7.99625378571471,4.90697344127256,7.629,49.9647183856551,3.27581644116736,37.2827822095164,171.038212936265,97.64,64.1519444632786
India,2016,8.25630550179086,4.94821634062141,7.611,47.6337555915272,2.73420120455754,37.3874186548518,166.003057888777,101.03,67.1953128073894
India,2017,6.79538341897911,3.32817337461298,7.626,47.5836093800197,2.60108787283474,37.4713105330607,170.569293434684,107.28,65.1215686450659
India,2018,6.45385134497769,3.9388264669163,7.652,46.5224986659322,2.91499156006937,37.5843467719926,176.071212647449,110.84,68.3894670935422
India,2019,3.87143694070356,3.72950573539129,6.51,,2.93877465566923,39.2996982985914,186.456757783084,112.25,70.4203405359551
India,2020,-5.77772470686801,6.62343677628535,7.859,,3.10855277353444,37.481252772155,210.69195830144,115.74,74.0995668836052
India,2021,9.68959249192875,5.13140747176369,6.38,,2.82183503869842,35.0355799640062,193.601012213706,120.63,73.9180128154351
India,2022,7.60936497768895,6.69903414079852,4.822,,3.32391537862222,36.529412379469,193.754969391567,123.29,78.6044905829916
India,2023,9.19075493028345,5.64914318907925,4.172,,3.28504639847322,36.0871843474496,199.141215854816,,82.5992764460784
India,2024,6.49476552383821,4.95303550973656,4.173,,3.52118550357421,,,,83.669281580941
Indonesia,1990,7.24213163856464,7.81919756505635,,45.7414523316285,0.156396139512222,-81.5396591697552,123.478003258776,47.83,1842.81333333333
Indonesia,1991,6.91198283591309,9.41906784347004,2.617,40.2756295663842,0.111471252608263,-88.6265804495251,132.741551905315,49.25,1950.3175
Indonesia,1992,6.49750651682714,7.52351006242677,2.734,42.7093574260874,0.178868566613245,-85.0621584620577,142.667771333886,52.79,2029.92083333333
Indonesia,1993,6.49640812045304,9.6719108926401,2.782,37.4975968521644,0.21897805557594,-72.8341933878623,127.806277235369,53.4,2087.10386666667
Indonesia,1994,7.53997109551439,8.53199829189143,4.366,36.5705901605804,0.25382698746297,-85.7263384861501,144.049982482775,53.3,2160.753675
Indonesia,1995,8.22000739903493,9.42030300572996,4.611,30.8043248823304,0.322066722484517,-72.7770544145403,145.842463383693,58.73,2248.607975
Indonesia,1996,7.81818707670867,7.97328096513346,4.861,23.92314220907,0.350090655090054,-73.687407874752,151.379521765788,59.86,2342.29629166667
Indonesia,1997,4.69987885390397,6.22615154887214,4.684,72.4853185253111,0.336038639656343,-70.587392096563,124.162532746224,57.03,2909.38
Indonesia,1998,-13.1267254923818,58.4510413515526,5.459,55.2040876648634,1.00389177007795,-76.466325871854,152.037233153113,58.5,10013.6225
Indonesia,1999,0.79112608199847,20.4778324428892,6.358,45.2079671076106,0.792135211818957,-74.4716098134558,140.711220110362,59.7,7855.15
Indonesia,2000,4.9200677470169,3.68862037056682,6.077,,0.721241486168322,-64.2403633124196,138.983334262304,61.34,8421.775
Indonesia,2001,3.64346644721492,11.5001160550887,6.082,,0.651928886426835,-63.3523233370869,147.054679226353,62.33,10260.85
Indonesia,2002,4.49947539085764,11.9001200338414,6.604,32.2241265309989,0.643419007825212,-61.2996884615853,138.744886015272,65.49,9311.19166666667
Indonesia,2003,4.78036912167654,6.75731256333564,6.657,29.7173962466428,0.634107308351031,-66.008075034348,163.767181316538,70.06,8577.13333333334
Indonesia,2004,5.03087394501685,6.06406189133648,7.303,,0.726653829373429,-60.8384444911096,180.476086983022,73.48,8938.85
Indonesia,2005,5.69257130383384,10.4532001873347,7.945,,1.89584318278586,-67.8765492820002,184.326258311835,76.85,9704.74166666666
Indonesia,2006,5.50095178520348,13.108670985346,7.551,,1.56961610211313,-86.1235398993709,189.627512709136,79.15,9159.31666666667
Indonesia,2007,6.34502222667214,6.40656087966005,8.06,,1.42852866637853,-90.7961529492001,222.926371992141,79.61,9141.0
Indonesia,2008,6.01370360009123,10.2266663272483,7.208,34.2250282105616,1.33159930027812,-90.4267498347048,234.022023276744,84.3,9698.9625
Indonesia,2009,4.62887118256153,4.38641311792074,6.106,29.997306381567,1.2589247567833,-92.4269662627062,239.603591203238,86.83,10389.9375
Indonesia,2010,6.22385418062366,5.13420639015885,5.614,,0.915919028544745,-103.509561901494,239.553393187817,92.62,9090.43333333333
Indonesia,2011,6.16978420771008,5.35604849112582,5.153,,0.775387465928679,-131.576603738043,260.871954399488,94.46,8770.43333333333
Indonesia,2012,6.03005065305615,4.2795142691943,4.468,,0.785753675199222,-130.298256846713,324.105127310216,99.52,9386.62916666667
Indonesia,2013,5.5572636889101,6.41249457900391,4.336,,0.834434842174634,-134.045158259873,303.533746915688,100.34,10461.24
Indonesia,2014,5.006668425755,6.39492882396559,4.049,,0.959926226606045,-122.689418915783,334.115871082202,99.7,11865.2112962963
Indonesia,2015,4.87632230022123,6.36312061196646,4.514,,1.12204462407113,-109.271486079706,341.496990073275,101.32,13389.4129365079
Indonesia,2016,5.03306918280177,3.52580452815451,4.301,,0.955775529544706,-106.48517951201,332.689389526624,98.98,13308.3268020542
Indonesia,2017,5.06978590134916,3.80879857691949,3.783,,0.885128402978051,-100.401414525223,374.481780805296,108.58,13380.8338788891
Indonesia,2018,5.17429153955024,3.19834755924996,4.387,,1.07604827122092,-98.0132758893818,388.94563423822,112.99,14236.9387734818
Indonesia,2019,5.01928768046282,3.03058460941661,3.59,,1.04248024307831,-99.1816488656438,304.316040505575,107.87,14147.6713605454
Indonesia,2020,-2.06551182934165,1.91983527270793,4.255,,0.91127727787002,-86.9479731245526,336.107986011264,108.22,14582.2034678177
Indonesia,2021,3.70288562827751,1.56007882983334,3.827,,0.792444188150129,-84.9370547688609,381.229919311091,108.64,14308.1439011897
Indonesia,2022,5.30719722664799,4.20946463714784,3.462,,0.99228904198387,-82.9192756077432,311.088110799621,111.41,14849.8539362105
Indonesia,2023,5.04902331835997,3.66938654859761,3.308,,1.05507286323115,-89.548816280588,311.071988639875,,15236.8846620506
Indonesia,2024,5.03034469419038,2.18151273615189,3.301,,1.14863323387459,,,,15855.4482866711
Japan,1990,4.84092905699353,3.0785162869516,,,,86.1211436520895,385.486577181208,123.84,144.7925
Japan,1991,3.52335723553459,3.25143848753308,2.059,,0.0139283220955321,84.5572124982313,369.620253164557,123.21,134.706666666667
Japan,1992,0.900586066438109,1.7602830605927,2.158,,0.0146204490635636,85.0002389923131,378.447178616886,129.02,126.651333333333
Japan,1993,-0.459219716250544,1.24304589707924,2.539,,0.017116049604085,83.6736483913964,387.854855923159,113.05,111.197785833333
Japan,1994,1.0833831743207,0.695458057869004,2.89,,0.0174871522711505,84.7645247600049,378.43347639485,128.21,102.207805833333
Japan,1995,2.6309996164206,-0.127899045020446,3.15,,0.020754684334337,82.8587597686173,354.449244060475,123.67,94.0595791666667
Japan,1996,3.13387099272759,0.136600358575909,3.383,,0.0101589630597628,82.5697290227514,339.634941329857,120.18,108.779056666667
Japan,1997,0.981228732290873,1.74780458692133,3.374,,0.0136870137047179,81.7835026938279,330.422411906325,121.48,120.9908625
Japan,1998,-1.27033049466078,0.661974191385911,4.078,,0.0135117034274042,80.3220799001163,312.811466372657,111.93,130.905300666667
Japan,1999,-0.333929957687772,-0.341296928327554,4.677,,0.0122190696014255,81.1103825264601,319.498112369531,115.01,113.906805
Japan,2000,2.76464755136783,-0.676578683595175,4.748,,0.015566642799602,82.8158357838335,324.60885113992,114.41,107.765498333333
Japan,2001,0.386103426142029,-0.740055504162738,5.02,,0.0285629435581755,81.201679168534,304.680468046805,113.41,121.5289475
Japan,2002,0.0419624992862282,-0.923494026942321,5.386,,0.026940198623711,82.9888784175082,292.873274496492,111.91,125.388019166667
Japan,2003,1.53512549946694,-0.256541816316025,5.251,,0.0179473405667154,85.4788968124398,301.858994769161,106.01,115.933464166667
Japan,2004,2.18611569439318,-0.0085733882031027,4.734,,0.0158094496467218,83.7746111126745,295.087462891071,107.94,108.192569166667
Japan,2005,1.80390087215821,-0.282946068764391,4.446,,0.0187309824125513,83.4649315674778,296.781651376147,110.45,110.218211666667
Japan,2006,1.3723501275831,0.249355116079085,4.192,,0.0255774585995197,82.3651990491479,294.390052958784,105.08,116.299311666667
Japan,2007,1.48396941157472,0.060039454498669,3.888,,0.0302184697056709,84.3107714036557,327.142394822006,108.09,117.753529166667
Japan,2008,-1.22428900061713,1.3800788616492,4.002,,0.0339237865439651,84.2147770328816,235.863277623027,108.94,103.359493968254
Japan,2009,-5.69323635892741,-1.35283672951719,5.068,,0.0301452736960296,80.6163392901148,208.493246390312,104.43,93.5700890870456
Japan,2010,4.09791791943181,-0.728243207517779,5.102,,0.0292489662024517,81.7425349206212,255.090378327884,100.44,87.779875
Japan,2011,0.0238095237995424,-0.27245561610124,4.55,,0.034199885971702,90.8195974217069,249.839915373766,100.36,79.8070198321892
Japan,2012,1.37475099905274,-0.0440645104432602,4.358,,0.0404883720248673,96.1222197111632,252.825247291569,101.42,79.7904554170065
Japan,2013,2.00510017681211,0.335037912184741,4.038,,0.0453512003886862,95.6729767272549,244.643699858424,101.07,97.5956582776385
Japan,2014,0.296205514141889,2.75922671353253,3.589,,0.0762490669316556,95.5684274026895,253.197536712459,101.89,105.944781034025
Japan,2015,1.56062669680782,0.795279630579839,3.385,,0.0748065192301101,94.8396264266997,225.326991676576,99.82,121.044025684011
Japan,2016,0.753826745789127,-0.127258844489754,3.132,,0.0765526640097879,93.813281550921,236.018164435946,98.3,108.792900046834
Japan,2017,1.67533175173359,0.484199796126385,2.822,,0.0901069827039231,93.0886712405363,243.234799327085,98.65,112.166141081871
Japan,2018,0.643391023533141,0.989094598021848,2.467,,0.0866803594795751,91.4437393045403,235.997102848865,96.95,110.42317934106
Japan,2019,-0.402169200894946,0.46877615938395,2.351,,0.0857508506606716,90.5590328120186,226.503394762367,97.86,109.009665900863
Japan,2020,-4.16876457146743,-0.024995834027731,2.809,,0.0967099102397569,89.5796033607393,216.008771929825,95.99,106.774582262437
Japan,2021,2.69657404187188,-0.233352779398264,2.808,,0.105055336492197,88.6817259385197,209.813999021047,95.82,109.754323839417
Japan,2022,0.941998775483285,2.49770278172255,2.614,,0.126874933673179,89.9707516343257,201.746187899656,94.6,131.498140443764
Japan,2023,1.47503481053384,3.26813365933163,2.6,,0.111846653062437,87.2798853157027,202.84371909001,,140.49110006234
Japan,2024,0.104309021773304,2.73853681635241,2.5,,0.115309420280122,,,,151.366291302752
Malaysia,1990,9.00852713774628,2.61780104712051,,79.5366179323318,0.420722033817905,-121.970814185753,977.32645604986,55.16,2.704875
Malaysia,1991,9.54546741443052,4.358333333333,3.7,73.3193215120926,0.264896878299873,-94.6656394536997,1004.80512546716,54.9,2.75006666666667
Malaysia,1992,8.88511797832156,4.76722829992821,3.71,64.3772978856134,0.258753795751802,-85.4540656652222,1041.44630329196,55.61,2.54738333333333
Malaysia,1993,9.89494333377064,3.53658536585389,4.11,55.6918359524722,0.262494617840895,-73.076015350443,1126.28359187241,59.77,2.574095
Malaysia,1994,9.21204179334867,3.72497055359284,3.64,47.6197297670635,0.160142997740419,-77.9547827572558,1247.22491647807,59.0,2.62425666666667
Malaysia,1995,9.82908519730812,3.45057509584895,3.15,41.0697028403447,0.130540057956863,-83.4115165000964,1211.98668146504,61.0,2.50440416666667
Malaysia,1996,10.0027006861844,3.48855945858916,2.52,,0.162760947838547,-81.8121925258594,1267.79509023652,62.49,2.5159425
Malaysia,1997,7.32274185035924,2.66251459711946,2.45,,0.194430720654335,-64.1510450480552,1408.7993698661,63.85,2.81319166666667
Malaysia,1998,-7.35941518817556,5.27034200348766,3.2,,0.262700428021064,-73.5795140371132,1607.4082542586,59.46,3.924375
Malaysia,1999,6.13761201057692,2.74456130240604,3.43,,0.407961059169315,-67.986309648656,1509.2919849504,67.17,3.8
Malaysia,2000,8.85886816969386,1.53474023697699,3.0,,0.365038257468414,-56.7090485953618,1367.87728790146,70.16,3.8
Malaysia,2001,0.517675319192861,1.41678473206098,3.53,,0.395656009007911,-51.9557499366613,1289.30102622577,71.38,3.8
Malaysia,2002,5.39098830692797,1.80787246281536,3.48,43.047339208221,0.431352798574161,-52.4797204932948,1183.44599483204,72.18,3.8
Malaysia,2003,5.7884992858875,1.08967632577286,3.61,45.0766412986635,0.518185443526144,-50.4417829656388,1235.83023334461,78.7,3.8
Malaysia,2004,6.78343772370305,1.42127115937402,3.54,45.6966383151073,0.642783009315513,-48.0780497298625,1802.75060737298,82.89,3.8
Malaysia,2005,5.33213916141486,2.97507092684449,3.53,42.0675597614326,0.778191510217667,-43.7782101911016,1658.24880715392,86.05,3.78709166666667
Malaysia,2006,5.5848470671515,3.60923564224389,3.32,40.5883961366256,0.839300079361867,-38.7189124367808,2012.95551561447,90.4,3.66817695833333
Malaysia,2007,6.29878592740947,2.02735317779569,3.31,40.0881257702829,0.804050512417782,-29.7539341309863,2299.42093810445,89.28,3.43756938226247
Malaysia,2008,4.83176988913097,5.44078221100769,3.34,39.7997028374607,0.575824944244283,-25.4811992872319,2110.61006433824,95.17,3.33583333333333
Malaysia,2009,-1.51352871598714,0.583308405623702,3.62,50.8357455983458,0.559125184834752,-26.4776718308934,1301.98461538462,91.62,3.52450291070644
Malaysia,2010,7.42484738326097,1.62285235577035,3.32,49.5598230655171,0.432489840716057,-19.4840823578216,2166.74938546178,90.97,3.22108691472175
Malaysia,2011,5.29391283414003,3.1744709215131,3.05,50.0286816425423,0.406608260024417,-9.86347941634221,2183.64487060998,99.75,3.06000301052058
Malaysia,2012,5.47345419253853,1.66357102479206,3.04,51.6464316160996,0.411459483093052,-10.7287875242111,1916.8401658222,101.2,3.08880086662188
Malaysia,2013,4.69372252557893,2.10501231233612,3.14,52.9992519246741,0.440295355965007,-1.02196038431298,1985.86520493335,100.55,3.15090855009724
Malaysia,2014,6.00672194558203,3.14299050879095,2.88,52.6758487332831,0.467221522754598,-1.31674896798018,2263.39764497761,101.21,3.27285974643047
Malaysia,2015,5.09153242155011,2.10438980238359,3.1,53.5744697326154,0.545442877050346,-9.78609643797293,1896.16386569895,104.44,3.90550026302768
Malaysia,2016,4.44978139761541,2.09056659525742,3.44,51.8905275342534,0.532410432040039,-8.0938585553716,1995.7809792684,94.36,4.14830066287879
Malaysia,2017,5.81272240983328,3.87120115774237,3.41,50.0496777374929,0.516733919100736,-9.46619716840316,2011.31695968787,106.57,4.30044087761124
Malaysia,2018,4.84308697634881,0.884709160571235,3.3,51.1859148831795,0.469796796132669,-2.31632847100387,1953.72526686942,102.78,4.03513013706806
Malaysia,2019,4.41318742129586,0.662891865764326,3.33,52.4213502119727,0.437418180236884,0.419441769978299,1347.49488071149,103.03,4.14246973569731
Malaysia,2020,-5.45684658426701,-1.1387021539305,4.54,62.0067215086738,0.422776119475248,1.4599273272106,1591.18028377216,101.74,4.20348194851884
Malaysia,2021,3.31534954399166,2.47710241465447,4.64,63.2668366732951,0.415301972862394,-0.739797820685311,2148.04861203669,97.74,4.14329759817721
Malaysia,2022,9.03173723044451,3.37869862549928,3.93,60.1479261322487,0.396663370541767,-0.578726686040022,1612.10454253553,97.93,4.40107634540072
Malaysia,2023,3.5370638041057,2.48886560125754,3.858,64.2816241956596,0.426163280659906,,2926.42866250159,,4.56062343240897
Malaysia,2024,5.10545921024041,1.834100204499,3.846,64.566529006102,0.380193528996402,,,,4.5764279106858
Pakistan,1990,4.45858681510218,9.05213155279776,,78.7725350870327,5.01436068130985,21.4675130777388,63.6268571428571,58.13,21.707375
Pakistan,1991,5.06156775897861,11.7912703351416,0.596,76.0908289241623,3.39438232501182,19.8058206130138,63.2047299563905,63.74,23.8007666666667
Pakistan,1992,7.70589781716029,9.5090414619015,0.587,74.5285767943305,3.2190438358492,20.9236470388105,71.7886029411765,59.42,25.0827916666667
Pakistan,1993,1.7577476978468,9.97366476029209,0.596,78.910190522119,2.79150186847426,22.4309133284906,71.0148858749587,61.4,28.1071833333333
Pakistan,1994,3.73741555767747,12.3681943936948,0.601,,3.34511569570683,24.8172308631675,72.1841983471074,62.83,30.5665916666667
Pakistan,1995,4.96260914623281,12.3435785170513,0.611,,2.82376378951299,24.3936474955339,82.5713722915299,70.35,31.6426833333333
Pakistan,1996,4.84658128681654,10.3738085885002,0.6,,2.02786922311198,25.9248607817896,78.9845826513912,69.5,36.0786833333333
Pakistan,1997,1.01439601077892,11.3754928865122,0.611,,2.73456924126094,27.3837935349296,85.6744201030928,68.68,41.111525
Pakistan,1998,2.55023429817393,6.22800415424543,0.62,79.0846919843326,1.88448808958283,26.9984351135532,82.8422879177378,73.63,45.0466666666667
Pakistan,1999,3.66013273943236,4.14263718082171,0.625,,1.58160869663171,27.179212038551,91.0639665702347,77.44,49.5006915833333
Pakistan,2000,4.2600880111325,4.36666451291681,0.614,55.0324216144747,1.08056705613903,27.075243964497,95.4413659793814,77.66,53.6481865
Pakistan,2001,3.65135017083765,3.14826144590618,0.611,,1.50392783829178,25.1555854534493,94.0718849840256,72.14,61.9271616666666
Pakistan,2002,2.59481668445784,3.29034472613153,0.615,,3.62937104656209,24.391055188242,97.7847533632287,72.14,59.7237816666667
Pakistan,2003,5.40131087314342,2.91413470059479,0.612,,3.52757185317913,20.7973571927409,100.970182750882,75.29,57.7519966666667
Pakistan,2004,7.83125556961251,7.44462469342739,0.598,,2.98375276643631,21.0551650169282,110.778950841306,84.67,58.2578633333333
Pakistan,2005,7.2765744364722,9.06332737030417,0.583,,2.94748457854817,20.489384666251,123.483460391117,86.38,59.514475
Pakistan,2006,6.05163767569996,7.92108440058789,0.582,,3.16362276382615,23.1057394647007,125.730244063325,84.32,60.271335
Pakistan,2007,4.4448143398844,7.59868441050774,0.398,,3.25728883548923,24.2870019462972,118.423492379059,87.93,60.7385158333334
Pakistan,2008,2.1204410433083,20.2861210929554,0.423,,3.48114218915231,24.5198691321657,119.154650373388,92.97,70.4080333333333
Pakistan,2009,3.47255059567348,13.6477650639761,0.535,,4.65309230234024,23.8982515314628,144.327430319511,94.14,81.7128916666666
Pakistan,2010,1.50171752152883,12.9388705634889,0.653,,4.92604271661375,24.1654977748004,138.30472949983,90.1,85.1938163257576
Pakistan,2011,2.68011685421705,11.9160927116277,0.796,,5.31817590756805,23.0335362134322,128.5226910299,98.69,86.3433833333333
Pakistan,2012,3.02758391088629,9.68235186055684,3.667,,5.60040378648877,23.0901671614358,117.362367724868,94.65,93.3951972222222
Pakistan,2013,4.36686504978387,7.69215611899565,2.954,,5.65574753329438,23.7426301554015,135.702592714145,101.08,101.628899206349
Pakistan,2014,4.11642817161422,7.18938402847028,1.827,,6.35394444445627,26.3454371170871,134.854139290407,102.34,101.100088423521
Pakistan,2015,4.21794209572506,2.52932817254229,3.566,,6.43611445161773,29.0045925555989,137.471578947368,97.1,102.769271604675
Pakistan,2016,6.57383828511043,3.7651191635658,2.285,,6.31922966290135,33.3820988770975,144.562955792191,100.56,104.769117033301
Pakistan,2017,4.43262590683975,4.08537368032608,3.204,,5.85367806811606,39.1478409126632,152.47894905479,105.46,105.455162087938
Pakistan,2018,6.15170261099519,5.07805725868917,4.083,,5.95094743448361,35.5257059693009,152.723620025674,99.66,121.824068875756
Pakistan,2019,2.49763692943365,10.5780305672025,4.83,,6.9340427404279,33.5162433021545,152.385293154274,100.32,150.036253839864
Pakistan,2020,-1.27408744338709,9.74011619320125,5.994,,8.68401332889248,38.9537236935755,155.150889104429,105.14,161.838479684718
Pakistan,2021,6.51388575852702,9.49641577285205,6.338,,8.98436279286431,41.5848203083345,161.930184940555,113.42,162.906253747418
Pakistan,2022,4.7781068690358,19.8738599646655,5.291,,8.04928811142895,39.7925509388676,146.916903738009,104.13,204.867187469982
Pakistan,2023,-0.414935997088406,30.7681280657005,5.237,,7.88805370627643,,160.257600793126,,280.356111655149
Pakistan,2024,3.04898287335465,12.6325318530452,5.492,,9.39634523470825,,,,278.580716167563
Philippines,1990,3.08267252855887,12.1773522064946,,45.0076745112999,2.90051414809649,41.8727299286032,107.133576642336,65.27,24.3105
Philippines,1991,-0.436390080533428,19.2614585266282,3.727,43.5879493136021,3.57252205679188,42.467706558278,81.614361217423,64.39,27.4786333333333
Philippines,1992,0.417629066097945,8.65100357865265,3.849,46.269790365795,4.20043396842865,47.7274468851747,92.9898804047838,64.4,25.5124916666667
Philippines,1993,2.181889985613,6.71631104109973,3.869,58.8331979479565,4.17012369254618,45.7228677615727,105.012070566388,65.72,27.1198416666667
Philippines,1994,4.37366591819077,10.3864734299517,3.767,49.4185114622984,4.71846813482997,49.7010428017978,112.501968134958,68.19,26.4171666666667
Philippines,1995,4.62522511739661,6.83199610989534,3.68,53.471178145145,6.33237935793294,55.4102247825196,113.227436140019,67.13,25.7144666666667
Philippines,1996,5.8603478716379,7.4761037778791,3.607,46.5576634189528,5.15065891656287,55.9441837617701,140.744985673352,72.19,26.2161
Philippines,1997,5.18641167406165,5.59025939650601,3.592,48.6978483259554,7.22480719245843,57.994961991597,156.064609450338,71.34,29.4706583333333
Philippines,1998,-0.514090599541888,9.23493432267121,3.697,58.2805829140392,6.8866070571266,55.4763492658048,122.38247322298,63.4,40.89305
Philippines,1999,3.34645118398267,5.93904901780808,3.751,52.8348897149163,7.81525762772395,51.9067932669472,146.266273352999,70.42,39.0889833333333
Philippines,2000,4.38250500083399,3.9771250324928,3.77,58.598433117411,8.27538844583698,51.7100934098601,145.917759237187,72.38,44.19225
Philippines,2001,3.04923134463486,5.34550195567142,3.698,59.2614955783056,11.0996743274612,55.5738084190364,156.784711075441,74.85,50.99265
Philippines,2002,3.71625500158383,2.72277227722765,3.616,64.715074553291,11.5470364978462,48.1602512846163,139.340425531915,76.85,51.6035666666667
Philippines,2003,5.08691113513073,2.28915662650607,3.527,71.1158091036307,11.7636795721571,47.5216491851143,166.996378269618,79.44,54.2033333333333
Philippines,2004,6.56922851180626,4.82921083627795,3.554,71.6007252032252,12.0713248541975,49.6505002404135,171.7595703125,82.15,56.0399166666666
Philippines,2005,4.94250511877678,6.51685393258433,3.795,65.7097431233166,12.7839886627031,44.7578925014601,156.532467532468,83.66,55.0854916666666
Philippines,2006,5.31641682136939,5.4852320675105,4.052,58.7978739921016,12.1392347971869,45.3420717744696,143.579243452958,86.14,51.3142725
Philippines,2007,6.51929155018938,2.90000000000003,3.434,51.5748916279875,10.538140162174,43.3156332295316,159.308128544423,90.94,46.148391177755
Philippines,2008,4.34448730509183,8.26044703595725,3.72,52.4322709324654,10.3789187625683,42.7603612865669,104.973027522936,95.37,44.32328760941
Philippines,2009,1.44832306275669,4.21903052064628,3.858,52.4006931344165,11.3422561884615,37.4439336460678,121.445272727273,94.51,47.6796884535091
Philippines,2010,7.33449996034538,3.78983634797591,3.605,50.1962414764938,10.3454184113586,42.6253482214275,151.435471698113,92.49,45.1096641800896
Philippines,2011,3.85823282795663,4.7184170471842,3.592,48.8058481254572,9.84286049520808,41.6057341892919,144.86128440367,96.89,43.3131369237488
Philippines,2012,6.89695171050985,3.02696391124796,3.504,49.1574552067049,9.39585704973622,42.9068252162772,118.351254480287,100.4,42.2287947349434
Philippines,2013,6.75053130142255,2.58268766141795,3.497,47.1441818576352,9.41055797221716,43.9797805761775,155.874955277281,99.79,42.4461848306739
Philippines,2014,6.34798748260867,3.59782343864211,3.6,43.426338941462,9.64449879049469,43.8392582610698,157.343470483005,102.04,44.3951543042097
Philippines,2015,6.34830971672761,0.674192536845408,3.068,,9.72419552564766,49.3367264630033,139.42343470483,100.38,45.5028399421431
Philippines,2016,7.14945675000752,1.25369880080982,2.695,,9.77380233956317,47.8208374406454,169.625044722719,97.58,47.4924638585099
Philippines,2017,6.9309883258402,2.85318772590947,2.552,,9.98833927166016,49.8100381952249,212.598747763864,103.23,50.4037197937177
Philippines,2018,6.34148557153473,5.30934661627707,2.338,,9.74765976052018,54.0743638042794,169.001073345259,102.8,52.6614299539683
Philippines,2019,6.11852566221303,2.39206534422404,2.237,,9.33261353281524,48.6161448916357,195.484257602862,101.81,51.7957826517332
Philippines,2020,-9.51829474045297,2.3931623931624,2.522,,9.64277376552078,47.0174525151428,217.111270125224,102.93,49.6240960026328
Philippines,2021,5.71473313185116,3.92718022100332,3.398,,9.30892916286057,49.9057625438824,232.025402504472,105.11,49.2545977288412
Philippines,2022,7.58098212785563,5.82115811213955,2.598,,9.40977059288243,54.4250767667774,285.425223613596,103.98,54.477785837205
Philippines,2023,5.51894967862863,5.97802515541409,2.2,,8.9455180769963,,199.449373881932,,55.630363223193
Philippines,2024,5.69201612823412,3.21260487006347,2.202,,8.72571015588724,,,,57.2906550699734
Singapore,1990,9.82089955731777,3.46075338652824,,77.855311856756,,212.744384973549,5600.0,46.85,1.81253333333333
Singapore,1991,6.68839753958379,3.42570173078643,2.18,78.97732191875,,203.464665964666,5100.0,25.25,1.72755
Singapore,1992,6.63980556949564,2.26307118702851,3.09,81.8827558107494,,197.821512922382,5600.0,25.77,1.62896666666667
Singapore,1993,11.459650875246,2.28929964388641,3.07,72.8796371846888,,185.556604926027,5500.0,21.75,1.61579083333333
Singapore,1994,11.0956893100227,3.10013262599502,3.03,70.2818345454772,,161.60581731679,4701.0,20.57,1.52744416666667
Singapore,1995,7.17540112091071,1.72053384788524,3.3,72.7804903132088,,171.864698494214,4537.0,24.61,1.417375
Singapore,1996,7.47139086002002,1.38318052481876,3.57,72.735334061978,,182.083389483985,3142.0,28.24,1.41004083333333
Singapore,1997,8.31620911124497,2.00358618538962,2.5,71.3607292667242,,191.252037056862,2063.0,32.07,1.48480583333333
Singapore,1998,-2.19101500611274,-0.267502292876153,3.41,82.599116639914,,196.629214827434,4027.0,36.23,1.67360166666667
Singapore,1999,5.71837175710837,0.0167098337370727,4.85,87.8603784550691,,217.735476344851,3769.0,40.39,1.69495666666667
Singapore,2000,9.03831632555163,1.36162392448456,3.7,83.842291725532,,218.729473537416,3005.0,44.56,1.72396333333333
Singapore,2001,-1.07086275100448,0.997197956155943,3.76,93.9363125102557,,208.664572934777,2353.0,48.69,1.7917225
Singapore,2002,3.92336076702013,-0.391676866585049,5.65,106.332540928351,,207.59861227614,102.0,53.23,1.79058833333333
Singapore,2003,4.54825542643229,0.507905300237551,5.93,108.589983770079,,189.537024588449,130.0,65.17,1.74218333333333
Singapore,2004,9.93998268434957,1.66272719863072,5.84,101.779018993689,,190.07586273938,120.0,70.23,1.69022833333333
Singapore,2005,7.36632239250758,0.425106276569107,5.59,94.9666937754733,,236.275469317464,112.121212121212,74.0,1.6643975
Singapore,2006,9.00676607871758,0.965657519018511,4.48,82.8374805427534,,239.462723776914,113.846153846154,80.96,1.58893333333333
Singapore,2007,9.02151951268893,2.10980166714574,3.9,77.2760743035509,,271.316427060438,128.571428571429,75.12,1.50710166666667
Singapore,2008,1.86348345462035,6.63544058395309,3.96,96.4099647516113,,262.215986853303,118.333333333333,74.91,1.41486083333333
Singapore,2009,0.127953382778088,0.589142019610516,5.86,106.372468302322,,256.852513663809,120.0,79.16,1.45451471343874
Singapore,2010,14.5197497108994,2.82884527612958,4.12,101.449782417951,,278.36489282559,129.6875,86.89,1.36350833333333
Singapore,2011,6.21493416858989,5.25115624639373,3.89,104.78518384861,,318.370020905262,133.333333333333,90.85,1.25777587719298
Singapore,2012,4.43549759378537,4.58084479423094,3.72,107.828093624626,,288.091215185,141.269841269841,94.75,1.2496762037037
Singapore,2013,4.81763099120676,2.36439793742726,3.86,99.4464888561159,,267.276576719405,150.877192982456,96.59,1.2513
Singapore,2014,3.93554027709007,1.03316955857629,3.74,99.6097986729595,,275.189793160703,155.357142857143,100.1,1.26705
Singapore,2015,2.97679931634806,-0.521975611895763,3.79,103.320839751929,,277.405757867332,148.214285714286,100.94,1.374825
Singapore,2016,3.74757848792792,-0.529809760375464,4.08,108.854265917764,,274.260261369755,148.214285714286,98.96,1.38154636363636
Singapore,2017,4.47689915845876,0.576763191179996,4.2,109.197026214998,,275.903826650794,164.285714285714,100.12,1.380925
Singapore,2018,3.4519759658687,0.438784215129623,3.613,110.689756336508,,273.793180423015,157.142857142857,106.1,1.34884166666667
Singapore,2019,1.30804118153127,0.567829988405447,3.1,128.078092485423,,269.815306923958,135.714285714286,107.4,1.36415833333333
Singapore,2020,-3.81470885510713,-0.172111865925382,4.1,151.706326367087,,264.429457913529,150.0,101.67,1.37974166666667
Singapore,2021,9.7568044629903,2.31610315765146,4.64,149.289112306688,,248.668236081717,162.5,104.66,1.34348333333333
Singapore,2022,4.10800021897151,6.13095418919732,3.591,154.103642983248,,258.425380474946,137.5,90.86,1.37866666666667
Singapore,2023,1.82140694115385,4.83372362825798,3.444,175.596688403377,,279.622693982082,137.5,,1.34276666666667
Singapore,2024,4.38802362461865,2.38951123595017,2.737,175.6139079334,,,,,1.33623333333333
South Korea,1990,10.0248996213899,8.57327225728677,,7.22113697955519,0.826188154277968,76.6311656680065,490.374807987711,101.46,707.765833333333
South Korea,1991,10.8749739277708,9.33279048161495,2.407,9.93619504178387,0.785561039949458,81.2608214765468,481.421899325376,98.44,733.329166666667
South Korea,1992,6.35159199606441,6.21328146355184,2.513,9.68344217619626,0.797636990877627,85.9586853264007,507.744994731296,103.31,780.670833333333
South Korea,1993,6.99471791742556,4.80099660215354,2.878,8.90471239173119,0.711550977703786,87.8719173333375,519.306666666667,101.41,802.538333333333
South Korea,1994,9.3718357757101,6.26585950039679,2.476,7.91331663708199,0.64424402914667,92.4205454756462,520.325203252033,100.23,803.771666666667
South Korea,1995,9.7358937505409,4.48074108557248,2.063,6.97432545068181,0.559248792378199,90.7053368517231,549.090858104319,107.49,771.254166666667
South Korea,1996,7.99042982526839,4.92454354292754,2.048,6.63432383740304,0.531339775681197,92.7020719120658,520.863610315186,109.48,804.4575
South Korea,1997,6.2821926537929,4.4389318457463,2.608,8.39336880153862,0.659654333729407,93.3862816946339,576.074332171893,109.98,949.89
South Korea,1998,-4.9389297463141,7.51358008079307,6.963,,1.24717712440792,89.3835649432066,507.611241217799,105.64,1403.18333333333
South Korea,1999,11.6172629559591,0.81295725444637,6.342,,0.840047418141799,88.4482330882503,483.275456150677,111.84,1189.43916666667
South Korea,2000,9.2018583880479,2.25916580080157,4.063,,0.757087382087234,88.8626965698761,455.958672875437,116.57,1130.3625
South Korea,2001,4.72593560322356,4.06657587897792,3.699,,0.795715299888866,87.8727448945928,424.276494967436,118.03,1290.79
South Korea,2002,7.74399895319569,2.76226210296599,3.046,,0.789951740666241,86.5041194029852,417.970131421744,108.68,1251.6025
South Korea,2003,3.07472661826947,3.51487451459939,3.348,,0.806460806703662,87.342289824528,427.04641350211,102.79,1191.64583333333
South Korea,2004,5.1836368597334,3.59066298882578,3.42,,0.720946494323329,87.7224900959861,453.196007259528,111.45,1146.24916666667
South Korea,2005,4.35823667337156,2.75379162735039,3.482,,0.535163545191778,83.4372030897407,478.15216068168,109.58,1024.32833333333
South Korea,2006,5.24500550580342,2.24234028518921,3.254,,0.442805726523607,86.8088364889406,333.739345274861,107.3,955.340833333333
South Korea,2007,5.8419633918717,2.53457382137932,3.013,,0.42221719524622,85.362445932308,406.249843456481,106.04,929.375833333333
South Korea,2008,3.00440451679569,4.67389655533408,2.959,,0.639265612489691,85.5983565577476,304.480511182109,109.74,1100.12583333333
South Korea,2009,0.81986175641795,2.7564965449393,3.363,,0.610285029022816,86.2663997166972,338.610677083333,108.86,1277.24583333333
South Korea,2010,6.98166138853071,2.93928652655686,3.324,,0.490740501393226,88.0806254621201,330.282680822827,101.3,1156.46
South Korea,2011,3.6880320602952,4.0259650043609,2.992,,0.50510155584976,87.2305405207769,337.319220430108,99.66,1108.23333333333
South Korea,2012,2.54766550568242,2.18707104433314,2.812,31.0184112293818,0.493438547720732,86.5466828850083,351.825647089739,97.44,1126.80666666667
South Korea,2013,3.2913959543442,1.30134754547413,3.067,33.3707589515616,0.451351280432292,88.0801849923646,344.695814948523,99.72,1094.9825
South Korea,2014,3.21468019683108,1.27477446401322,3.082,34.8171173128439,0.422392916919339,86.8693911585965,345.922764227642,105.44,1052.84
South Korea,2015,2.92029267301234,0.70633177245575,3.546,35.7105611200011,0.419948566889135,86.7300628107977,337.812905428474,97.64,1130.9525
South Korea,2016,3.17152748983935,0.971685739912168,3.65,36.1498684786294,0.413108182008924,86.9376320928771,351.141449683322,96.92,1160.7675
South Korea,2017,3.433191763972,1.94433230786366,3.653,35.4459831845843,0.381616908953979,88.471036646429,353.420204768383,96.22,1131.00083333333
South Korea,2018,3.17611568177327,1.47583935002645,3.824,35.5200546750178,0.390576638060424,89.4697678996836,367.328238719068,97.18,1100.16333333333
South Korea,2019,2.31380210595475,0.383000303608136,3.746,37.6954834097738,0.409246873851897,88.1562990760159,366.530791788856,97.12,1165.3575
South Korea,2020,-0.700242317542106,0.537288023411737,3.931,43.775799174588,0.430504441346993,84.5177411090491,304.810650887574,90.26,1180.26583333333
South Korea,2021,4.61296795454287,2.49833333333339,3.639,45.8328934501884,0.401032055613431,84.9035262985875,281.478034251675,95.82,1143.95166666667
South Korea,2022,2.72756456708991,5.08951365062842,2.857,47.6110651856141,0.436876799702855,85.4997854961215,325.433333333333,93.62,1291.44666666667
South Korea,2023,1.58301467403629,3.5974562502901,2.675,48.5543799702909,0.385217714687676,84.6000911986392,262.3125,,1305.6625
South Korea,2024,2.00361101838986,2.32174328643542,2.784,,0.388346261508366,,,,1363.375
Thailand,1990,11.1671634446293,5.86399474375828,,18.4477538501483,1.14038917293867,42.0993535120212,59.665656796616,51.86,25.585462419191
Thailand,1991,8.5582603212423,5.70985259891396,2.63,13.3655673362757,1.03767808284504,39.4279773841123,54.9457452884066,55.38,25.5167954060799
Thailand,1992,8.08338802345332,4.13914575077056,1.35,10.8789951587465,0.398882024705938,42.753324336658,64.8451096414897,57.27,25.4001281507941
Thailand,1993,8.25191591524627,3.31219168428468,1.49,8.18624353670039,0.862515175853927,47.8528606622158,85.1624231782265,55.77,25.3196110778961
Thailand,1994,7.99702466720433,5.04774897680755,1.347,5.69321973711674,0.873253604515569,49.285609924473,79.6346176367256,58.95,25.1499518885845
Thailand,1995,8.12031534625378,5.81818181818192,1.1,4.61009471231839,1.00147132988323,51.5901897427606,88.3352872215709,60.57,24.9151757040726
Thailand,1996,5.65194446499471,5.80510554737349,1.071,3.67349745742469,0.986667775411706,52.6613330329243,88.2345564328843,63.12,25.3426828609665
Thailand,1997,-2.75357515314082,5.62579747129104,0.873,4.64152040948473,1.10427566694746,48.585108079236,85.0318654188437,64.34,31.3643344542954
Thailand,1998,-7.63403528600102,7.9947287502746,3.404,10.6698573854214,1.25309816710135,44.8577620734337,93.0695320939223,61.81,41.3593875
Thailand,1999,4.57230775115542,0.284726459223034,2.968,20.0057789155598,1.15271390203076,45.0485136855656,100.075381733553,65.91,37.8136558333333
Thailand,2000,4.45524704335014,1.59196917460972,2.389,21.9645865139196,1.34247612413907,44.1327960543727,88.3103818953324,74.25,40.1118033333333
Thailand,2001,3.44424900968372,1.62690887314091,2.6,24.5783340358589,1.04113397829786,46.5617427146413,94.9414815650017,78.37,44.4319
Thailand,2002,6.14903605210036,0.697308976625449,1.82,30.0703562721572,1.02753993777109,46.9962899893864,100.000843597098,78.55,42.9600833333333
Thailand,2003,7.18924330340971,1.80434994635721,1.54,27.0460183720806,1.05551871248278,47.9668949890537,126.544219977553,83.18,41.4846166666667
Thailand,2004,6.28934214285795,2.7591492623108,1.51,24.3963998008709,0.938066184455039,50.592533714573,111.829667262171,83.03,40.2224149175021
Thailand,2005,4.18763842884337,4.54036919634535,1.35,25.4581282780769,0.626996608307589,48.0652759811039,96.2122005571031,80.6,40.2201302083333
Thailand,2006,4.96781089246107,4.63747436011765,1.22,24.3806591494652,0.60126724633111,47.2099671270942,99.8178020386565,82.6,37.8819832215363
Thailand,2007,5.43515169050809,2.24154095286803,1.18,22.9934668319175,0.621751616741776,46.3873326792832,116.771802730566,90.59,34.5181805917013
Thailand,2008,1.72569884866334,5.46848949649845,1.18,22.4502172623288,0.651517114747723,44.1134208342255,110.614530776993,89.88,33.3133006412338
Thailand,2009,-0.690618232300579,-0.845716092316721,1.49,26.7791952036446,1.35174167814254,44.6820782033473,109.013734541517,91.12,34.2857741234241
Thailand,2010,7.51339053261624,3.24758842443723,0.622,26.9008455437265,1.29964762665379,43.659469263271,139.43669638146,91.08,31.685705
Thailand,2011,0.840132083053334,3.80879058139634,0.66,28.1319763006874,1.41730161893501,44.4812321023071,143.798265999285,99.15,30.4917333333333
Thailand,2012,7.24279620249642,3.01489950334985,0.58,28.4447160238828,1.42288274079939,43.6825522470004,145.71158193878,106.02,31.0830916666667
Thailand,2013,2.68749556320556,2.18488618530687,0.249,38.1666950570794,1.56657940260133,43.0405417053826,161.546190362147,105.04,30.7259666666667
Thailand,2014,0.984468863619426,1.8951418189878,0.576,35.3904739452699,1.60164242752634,44.024030705902,156.825235592872,103.13,32.4798333333333
Thailand,2015,3.13404724911635,-0.900424963291569,0.597,36.6705695355179,1.46890617750532,46.3193962539699,135.252101834005,96.14,34.2477166666667
Thailand,2016,3.43515771692182,0.188149704448143,0.688,37.3065204045664,1.51682060620959,45.7149338923838,146.941193905981,100.72,35.2963833333333
Thailand,2017,4.1776810321001,0.665631893135106,0.83,,1.47255762472914,47.6577862985132,166.988314035684,102.94,33.9398110566858
Thailand,2018,4.22287028746071,1.06389754183024,0.765,37.9104188436045,1.47331423952061,51.1007781069847,138.496115476872,106.38,32.3102257431458
Thailand,2019,2.11455779628278,0.706728601314311,0.716,38.6277055941279,1.43105200387804,48.6312117750796,113.527214570566,102.51,31.0476057805499
Thailand,2020,-6.05003846851622,-0.845937147357041,1.099,50.3227814999415,1.57323400130361,51.2390033904315,136.490349327558,97.97,31.2936732130832
Thailand,2021,1.55216608426647,1.23039541318384,1.215,58.5114542035114,1.71464731576995,53.4974617478355,147.621182923214,102.1,31.9770934417717
Thailand,2022,2.58037874709827,-1.61068030486688,0.94,60.349920189306,1.80546752206825,57.1245185678327,227.527581008371,106.6,35.0613502144776
Thailand,2023,2.01775095328327,8.47805174421543,0.733,61.1243613638526,1.8786395323162,57.5142566317877,287.332398706679,,34.8021885808364
Thailand,2024,2.54182067735289,1.36580540798037,0.781,62.1983655632713,1.79598323750296,,,,35.2935380808081
Vietnam,1990,5.10091813908369,,,,,-0.939297859144064,104.940812886308,32.77,6537.6046856884
Vietnam,1991,5.96084393218912,,2.14,,,-11.1162837315665,145.659463487332,34.16,10121.8932306763
Vietnam,1992,8.64604745934572,,2.109,,,-17.2797155614856,139.19360697421,37.18,11202.1916666667
Vietnam,1993,8.07273065739605,,2.037,,,-14.0651892911625,136.711385061639,39.06,10640.9583333333
Vietnam,1994,8.83898095245374,,1.972,,,-17.5298137166371,216.855783308931,40.75,10965.6666666667
Vietnam,1995,9.54048017491264,,1.955,,,-21.5305945400916,226.485285952249,43.39,11038.25
Vietnam,1996,9.34001749939179,5.67499999999994,1.93,,,-23.7591964949987,267.284839755131,46.55,11032.5833333333
Vietnam,1997,8.1520841433542,3.20952606261374,2.87,,,-24.6269830310842,259.650670430487,49.21,11683.3333333333
Vietnam,1998,5.76445545848843,7.2661980440096,2.29,,,-29.3495826689748,322.210654173174,51.37,13268.0
Vietnam,1999,4.77358688344989,4.11710235771736,2.33,,,-36.7718113411456,342.933333333333,55.85,13943.1666666667
Vietnam,2000,6.78731640463151,-1.71033727851109,2.26,,4.29865814068281,-33.9882051597439,365.645161290323,58.98,14167.75
Vietnam,2001,6.19289331233377,-0.43154451172818,2.76,,3.365437690751,-35.8794997443859,286.734847345465,60.51,14725.1666666667
Vietnam,2002,6.32082099160833,3.83082838168467,2.12,,5.04789720062267,-32.2772637840966,295.487575757576,64.59,15279.5
Vietnam,2003,6.89906349055258,3.23464817293927,2.25,,5.30939712398707,-29.2456635465831,332.929190092691,67.07,15509.5833333333
Vietnam,2004,7.53641060890386,7.75494748709601,2.14,,5.08498588717851,-41.123530683475,367.814514259216,70.93,15746.0
Vietnam,2005,7.54724772895918,8.28457243128677,2.078,,,-41.5631995095119,339.648788927336,71.73,15858.9166666667
Vietnam,2006,6.97795481056711,7.41801715108463,2.046,,,-51.5227736003665,342.97243226213,74.28,15994.25
Vietnam,2007,7.12950448605439,8.34444889773837,2.026,,,-42.3103522585646,403.517814124509,77.54,16105.125
Vietnam,2008,5.66177120891362,23.1154483474477,1.889,,,-21.8039816938349,303.463589335456,80.53,16302.25
Vietnam,2009,5.39789754014181,6.71698269988629,1.737,,,-26.0471052534672,443.776507936508,80.85,17065.0833333333
Vietnam,2010,6.42324482239482,9.20746648778413,1.114,,,-12.6270709461704,365.253518501258,83.27,18612.9166666667
Vietnam,2011,6.41316889681683,18.6777322770707,0.999,,,-9.67986967598824,353.756679507891,87.26,20509.75
Vietnam,2012,5.5045447041189,9.09470339557192,1.027,,,-11.5275567021365,371.137581428772,94.36,20828.0
Vietnam,2013,5.55351081026072,6.59267475899192,1.316,,,-7.96659861783875,483.857974715078,96.35,20933.4166666667
Vietnam,2014,6.42224312118567,4.08455446637617,1.256,,,-0.423015509753411,436.848584132928,99.4,21148.0
Vietnam,2015,6.98715430598611,0.631200905175754,1.848,,,8.2509798159245,432.273519163763,100.98,21697.5675
Vietnam,2016,6.69000892660424,2.66824816969082,1.848,,,16.0161241734677,424.697484995713,99.63,21935.0008333333
Vietnam,2017,6.94019037359206,3.52025688811617,1.874,,,18.9278038893355,457.98634861125,101.53,22370.0866666667
Vietnam,2018,7.46500685572751,3.53962805942641,1.161,,,26.8530098738827,417.43602652436,104.7,22602.05
Vietnam,2019,7.35926270105006,2.7958236745225,1.681,,,39.207047800102,432.696344339623,105.44,23050.2416666667
Vietnam,2020,2.86541320912272,3.22093436652514,2.103,,,46.4252856536063,456.874465890673,106.01,23208.3683333333
Vietnam,2021,2.55372852648131,1.83471554810444,2.383,,,33.9749706257745,460.037860944934,109.24,23159.7825925926
Vietnam,2022,8.53750046755788,3.15650749963129,1.57,,,33.9991947830939,418.424700133274,109.55,23271.2125
Vietnam,2023,5.06502391455075,3.25289282667662,1.645,,,,419.949527976601,,23787.3191666667
Vietnam,2024,7.09118746633975,3.62109273885843,1.602,,,,,,24164.8858333333
